19,0.875,False
23,0.688,False
55,0.875,False
73,0.688,False
89,0.875,False
99,0.812,False
100,0.750,False
108,0.812,False
113,0.875,False
115,0.062,False
117,0.875,False
119,0.875,False
122,0.688,False
134,0.750,False
137,0.875,False
147,0.875,False
150,0.812,False
158,0.688,False
159,0.875,False
164,0.812,False
167,0.875,False
169,0.062,False
173,0.312,False
176,0.000,False
193,0.000,False
201,0.875,False
211,0.750,False
213,0.875,False
214,0.875,False
218,0.875,False
223,0.875,False
224,0.625,False
236,0.875,False
240,0.125,False
246,0.875,False
263,0.875,False
276,0.750,False
278,0.875,False
287,0.000,False
292,0.812,False
293,0.812,False
298,0.875,False
307,0.312,False
311,0.875,False
330,0.750,False
339,0.875,False
340,0.875,False
346,0.062,False
363,0.750,False
371,0.875,False
414,0.875,False
456,0.062,False
476,0.375,False
490,0.875,False
496,0.875,False
500,0.562,False
503,0.875,False
506,0.812,False
514,0.000,False
530,0.875,False
534,0.562,False
538,0.000,False
541,0.500,False
544,0.125,False
553,0.125,False
562,0.000,False
591,0.750,False
594,0.875,False
601,0.062,False
609,0.812,False
610,0.875,False
617,0.812,False
636,0.875,False
653,0.875,False
675,0.500,False
680,0.688,False
692,0.875,False
698,0.250,False
700,0.000,False
703,0.000,False
709,0.875,False
711,0.625,False
715,0.750,False
723,0.000,False
724,0.750,False
731,0.875,False
732,0.875,False
734,0.562,False
737,0.875,False
747,0.500,False
749,0.688,False
774,0.875,False
783,0.125,False
793,0.125,False
796,0.000,False
809,0.875,False
842,0.688,False
843,0.188,False
846,0.500,False
852,0.000,False
860,0.000,False
867,0.750,False
874,0.688,False
876,0.875,False
888,0.000,False
913,0.188,False
915,0.250,False
917,0.062,False
919,0.375,False
925,0.875,False
934,0.188,False
937,0.875,False
946,0.875,False
1011,0.000,False
1033,0.000,False
1039,0.625,False
1045,0.000,False
1046,0.625,False
1050,0.188,False
1053,0.875,False
1054,0.438,False
1056,0.000,False
1058,0.562,False
1062,0.875,False
1063,0.625,False
1065,0.875,False
1068,0.500,False
1071,0.500,False
1073,0.875,False
1074,0.000,False
1076,0.875,False
1077,0.875,False
1082,0.812,False
1083,0.875,False
1084,0.250,False
1087,0.438,False
1089,0.750,False
1091,0.688,False
1092,0.438,False
1093,0.875,False
1100,0.875,False
1102,0.250,False
1105,0.750,False
1113,0.500,False
1115,0.875,False
1121,0.625,False
1124,0.562,False
1130,0.750,False
1133,0.000,False
1137,0.500,False
1138,0.750,False
1139,0.500,False
1140,0.812,False
1142,0.875,False
1143,0.062,False
1145,0.875,False
1148,0.688,False
1149,0.312,False
1151,0.812,False
1168,0.875,False
1175,0.250,False
1183,0.812,False
1191,0.875,False
1205,0.438,False
1218,0.500,False
1220,0.750,False
1221,0.125,False
1224,0.250,False
1252,0.875,False
1254,0.250,False
1262,0.750,False
1269,0.812,False
1271,0.750,False
1275,0.875,False
1281,0.750,False
1305,0.875,False
1309,0.812,False
1326,0.000,False
1340,0.688,False
1342,0.875,False
1354,0.812,False
1369,0.812,False
1379,0.875,False
1405,0.438,False
1411,0.812,False
1418,0.625,False
1420,0.188,False
1427,0.000,False
1433,0.875,False
1436,0.812,False
1444,0.750,False
1448,0.875,False
1451,0.750,False
1462,0.750,False
1490,0.000,False
1491,0.000,False
1520,0.500,False
1528,0.000,False
1529,0.875,False
1532,0.875,False
1535,0.875,False
1537,0.812,False
1544,0.875,False
1545,0.000,False
1576,0.500,False
1615,0.875,False
1622,0.875,False
1624,0.312,False
1631,0.125,False
1634,0.875,False
1637,0.875,False
1648,0.875,False
1649,0.750,False
1653,0.875,False
1654,0.875,False
1667,0.875,False
1672,0.875,False
1683,0.688,False
1692,0.812,False
1701,0.625,False
1708,0.000,False
1713,0.188,False
1714,0.812,False
1723,0.688,False
1740,0.875,False
1747,0.875,False
1830,0.750,False
1831,0.875,False
1843,0.000,False
1853,0.750,False
1862,0.000,False
1867,0.062,False
1904,0.750,False
1905,0.812,False
1908,0.875,False
1909,0.062,False
1915,0.812,False
1939,0.875,False
1946,0.750,False
1954,0.875,False
1965,0.875,False
1968,0.625,False
2004,0.875,False
2023,0.812,False
2028,0.875,False
2043,0.875,False
2047,0.000,False
2056,0.875,False
2058,0.812,False
2059,0.000,False
2062,0.875,False
2069,0.875,False
2073,0.750,False
2076,0.250,False
2096,0.250,False
2104,0.062,False
2109,0.750,False
2136,0.500,False
2137,0.188,False
2156,0.875,False
2178,0.688,False
2210,0.875,False
2212,0.562,False
2214,0.875,False
2223,0.812,False
2225,0.875,False
2239,0.000,False
2244,0.750,False
2249,0.000,False
2255,0.875,False
2278,0.000,False
2315,0.875,False
2322,0.500,False
2337,0.812,False
2355,0.875,False
2388,0.750,False
2400,0.812,False
2401,0.875,False
2404,0.875,False
2430,0.875,False
2431,0.875,False
2485,0.875,False
2489,0.000,False
2510,0.000,False
2514,0.875,False
2519,0.125,False
2522,0.875,False
2526,0.875,False
2541,0.188,False
2542,0.062,False
2587,0.812,False
2627,0.750,False
2630,0.875,False
2649,0.000,False
2654,0.875,False
2669,0.688,False
2682,0.875,False
2689,0.875,False
2693,0.875,False
2702,0.875,False
2704,0.438,False
2712,0.812,False
2723,0.875,False
2731,0.875,False
2732,0.000,False
2776,0.250,False
2789,0.000,False
2791,0.125,False
2795,0.875,False
2824,0.500,False
2841,0.625,False
2845,0.000,False
2850,0.875,False
2858,0.750,False
2862,0.750,False
2874,0.875,False
2878,0.875,False
2909,0.000,False
2924,0.750,False
2937,0.750,False
2959,0.812,False
2960,0.562,False
2967,0.500,False
2968,0.250,False
2973,0.000,False
2989,0.750,False
2992,0.000,False
2996,0.875,False
3002,0.500,False
3012,0.875,False
3026,0.875,False
3028,0.750,False
3053,0.875,False
3086,0.875,False
3102,0.062,False
3130,0.875,False
3131,0.562,False
3136,0.875,False
3145,0.625,False
3164,0.375,False
3177,0.750,False
3195,0.562,False
3204,0.188,False
3208,0.750,False
3215,0.312,False
3235,0.875,False
3254,0.625,False
3255,0.562,False
3262,0.875,False
3266,0.688,False
3268,0.875,False
3278,0.250,False
3283,0.000,False
3285,0.312,False
3287,0.625,False
3329,0.375,False
3357,0.438,False
3387,0.312,False
3388,0.062,False
3389,0.188,False
3391,0.750,False
3400,0.875,False
3412,0.875,False
3414,0.562,False
3424,0.000,False
3426,0.062,False
3427,0.812,False
3431,0.000,False
3443,0.875,False
3495,0.812,False
3500,0.000,False
3511,0.875,False
3521,0.875,False
3531,0.875,False
3537,0.750,False
3547,0.625,False
3552,0.000,False
3558,0.500,False
3564,0.000,False
3581,0.812,False
3619,0.812,False
3646,0.812,False
3655,0.812,False
3656,0.812,False
3658,0.750,False
3659,0.500,False
3672,0.875,False
3674,0.625,False
3677,0.375,False
3680,0.500,False
3687,0.625,False
3692,0.875,False
3693,0.375,False
3697,0.750,False
3700,0.000,False
3703,0.875,False
3706,0.562,False
3709,0.875,False
3722,0.438,False
3731,0.500,False
3733,0.812,False
3738,0.688,False
3744,0.625,False
3776,0.625,False
3790,0.812,False
3792,0.875,False
3793,0.875,False
3845,0.688,False
3862,0.750,False
3863,0.875,False
3864,0.625,False
3867,0.875,False
3872,0.875,False
3890,0.562,False
3902,0.875,False
3910,0.750,False
3923,0.812,False
3931,0.000,False
3936,0.875,False
3939,0.750,False
3949,0.000,False
3953,0.062,False
3954,0.750,False
3982,0.875,False
3989,0.875,False
4000,0.875,False
4002,0.812,False
4011,0.438,False
4017,0.875,False
4020,0.688,False
4021,0.438,False
4025,0.625,False
4063,0.000,False
4067,0.875,False
4080,0.000,False
4083,0.750,False
4092,0.875,False
4099,0.000,False
4100,0.875,False
4121,0.875,False
4126,0.062,False
4133,0.812,False
4134,0.000,False
4135,0.062,False
4157,0.188,False
4160,0.625,False
4167,0.812,False
4175,0.875,False
4202,0.750,False
4204,0.875,False
4209,0.500,False
4211,0.000,False
4212,0.688,False
4214,0.812,False
4218,0.750,False
4226,0.500,False
4234,0.000,False
4237,0.500,False
4243,0.250,False
4246,0.750,False
4248,0.875,False
4255,0.000,False
4279,0.812,False
4284,0.875,False
4304,0.312,False
4310,0.500,False
4376,0.875,False
4380,0.875,False
4405,0.750,False
4427,0.000,False
4431,0.875,False
4463,0.750,False
4465,0.875,False
4479,0.062,False
4487,0.250,False
4510,0.875,False
4512,0.000,False
4514,0.812,False
4540,0.875,False
4552,0.562,False
4563,0.062,False
4567,0.250,False
4571,0.875,False
4596,0.375,False
4604,0.000,False
4607,0.438,False
4628,0.125,False
4636,0.188,False
4642,0.188,False
4663,0.812,False
4678,0.375,False
4681,0.875,False
4689,0.125,False
4701,0.062,False
4713,0.500,False
4722,0.750,False
4723,0.188,False
4730,0.812,False
4733,0.875,False
4735,0.875,False
4745,0.062,False
4750,0.875,False
4756,0.812,False
4773,0.062,False
4807,0.750,False
4816,0.875,False
4831,0.438,False
4837,0.000,False
4851,0.875,False
4858,0.875,False
4872,0.750,False
4881,0.875,False
4885,0.500,False
4890,0.812,False
4895,0.875,False
4896,0.812,False
4900,0.688,False
4901,0.875,False
4909,0.875,False
4913,0.812,False
4917,0.812,False
4918,0.875,False
4924,0.625,False
4927,0.812,False
4930,0.250,False
4932,0.812,False
4938,0.125,False
4946,0.500,False
4954,0.750,False
4970,0.500,False
4972,0.750,False
4975,0.500,False
4976,0.062,False
4979,0.000,False
4980,0.625,False
4989,0.062,False
4990,0.625,False
4995,0.875,False
4996,0.875,False
5004,0.875,False
5006,0.875,False
5020,0.875,False
5021,0.875,False
5026,0.875,False
5034,0.562,False
5039,0.688,False
5071,0.500,False
5084,0.250,False
5095,0.000,False
5103,0.812,False
5105,0.438,False
5149,0.000,False
5161,0.812,False
5166,0.062,False
5174,0.812,False
5177,0.000,False
5178,0.750,False
5185,0.875,False
5194,0.875,False
5197,0.312,False
5218,0.000,False
5227,0.875,False
5245,0.750,False
5252,0.750,False
5298,0.750,False
5302,0.000,False
5306,0.125,False
5314,0.812,False
5351,0.438,False
5359,0.688,False
5363,0.688,False
5369,0.062,False
5387,0.875,False
5391,0.750,False
5394,0.562,False
5407,0.875,False
5455,0.062,False
5461,0.875,False
5467,0.500,False
5471,0.062,False
5491,0.688,False
5512,0.688,False
5530,0.062,False
5543,0.875,False
5544,0.000,False
5550,0.375,False
5552,0.812,False
5553,0.875,False
5555,0.875,False
5556,0.250,False
5557,0.000,False
5561,0.125,False
5562,0.750,False
5565,0.625,False
5567,0.250,False
5569,0.625,False
5571,0.875,False
5573,0.438,False
5574,0.125,False
5575,0.250,False
5576,0.500,False
5577,0.625,False
5579,0.312,False
5581,0.000,False
5584,0.312,False
5585,0.000,False
5586,0.250,False
5587,0.875,False
5590,0.000,False
5591,0.875,False
5596,0.500,False
5597,0.062,False
5598,0.750,False
5599,0.062,False
5608,0.875,False
5641,0.812,False
5671,0.875,False
5687,0.875,False
5689,0.750,False
5704,0.000,False
5707,0.312,False
5727,0.500,False
5738,0.812,False
5742,0.125,False
5744,0.875,False
5760,0.875,False
5814,0.250,False
5815,0.875,False
5828,0.750,False
5866,0.000,False
5871,0.875,False
5875,0.750,False
5877,0.875,False
5885,0.750,False
5886,0.000,False
5887,0.875,False
5893,0.125,False
5912,0.000,False
5932,0.750,False
5956,0.312,False
5970,0.500,False
6008,0.812,False
6024,0.750,False
6027,0.688,False
6038,0.875,False
6041,0.000,False
6128,0.875,False
6155,0.625,False
6166,0.750,False
6180,0.688,False
6193,0.688,False
6206,0.000,False
6211,0.562,False
6223,0.562,False
6276,0.000,False
6295,0.125,False
6299,0.750,False
6304,0.875,False
6311,0.750,False
6313,0.875,False
6326,0.812,False
6327,0.562,False
6339,0.812,False
6341,0.750,False
6357,0.875,False
6362,0.812,False
6364,0.562,False
6366,0.875,False
6367,0.188,False
6368,0.750,False
6369,0.875,False
6370,0.750,False
6374,0.562,False
6376,0.812,False
6377,0.875,False
6386,0.438,False
6391,0.000,False
6394,0.875,False
6395,0.562,False
6397,0.812,False
6398,0.875,False
6399,0.875,False
6404,0.875,False
6406,0.875,False
6411,0.000,False
6416,0.312,False
6420,0.812,False
6421,0.125,False
6423,0.062,False
6427,0.875,False
6429,0.625,False
6432,0.875,False
6435,0.000,False
6443,0.812,False
6448,0.625,False
6455,0.750,False
6456,0.750,False
6457,0.750,False
6465,0.812,False
6478,0.688,False
6480,0.688,False
6483,0.688,False
6486,0.875,False
6495,0.875,False
6496,0.625,False
6509,0.625,False
6525,0.875,False
6526,0.750,False
6547,0.812,False
6549,0.250,False
6562,0.875,False
6572,0.875,False
6574,0.000,False
6577,0.875,False
6581,0.375,False
6585,0.688,False
6595,0.438,False
6596,0.750,False
6597,0.875,False
6600,0.250,False
6602,0.312,False
6609,0.250,False
6610,0.875,False
6616,0.875,False
6618,0.562,False
6621,0.875,False
6622,0.875,False
6625,0.188,False
6626,0.500,False
6630,0.875,False
6633,0.000,False
6639,0.688,False
6640,0.750,False
6646,0.875,False
6647,0.625,False
6653,0.750,False
6665,0.062,False
6689,0.312,False
6698,0.875,False
6700,0.875,False
6706,0.688,False
6711,0.875,False
6717,0.875,False
6722,0.000,False
6730,0.750,False
6731,0.812,False
6746,0.875,False
6762,0.750,False
6766,0.875,False
6772,0.812,False
6780,0.875,False
6784,0.875,False
6785,0.875,False
6821,0.875,False
6830,0.812,False
6831,0.000,False
6834,0.812,False
6837,0.875,False
6851,0.000,False
6855,0.000,False
6856,0.750,False
6861,0.000,False
6863,0.875,False
6866,0.062,False
6868,0.000,False
6870,0.500,False
6878,0.875,False
6880,0.750,False
6885,0.812,False
6886,0.000,False
6887,0.625,False
6894,0.750,False
6899,0.000,False
6900,0.875,False
6904,0.250,False
6907,0.875,False
6910,0.062,False
6911,0.000,False
6914,0.000,False
6925,0.750,False
6931,0.188,False
6932,0.375,False
6939,0.250,False
6940,0.875,False
6957,0.062,False
6972,0.875,False
6976,0.000,False
6983,0.875,False
6990,0.625,False
7012,0.000,False
7016,0.562,False
7019,0.812,False
7023,0.125,False
7025,0.500,False
7029,0.875,False
7031,0.750,False
7041,0.812,False
7042,0.875,False
7043,0.875,False
7046,0.000,False
7053,0.562,False
7054,0.875,False
7060,0.438,False
7063,0.750,False
7071,0.875,False
7075,0.438,False
7076,0.812,False
7080,0.000,False
7098,0.875,False
7104,0.875,False
7110,0.812,False
7115,0.750,False
7117,0.812,False
7121,0.750,False
7129,0.062,False
7140,0.750,False
7141,0.812,False
7142,0.750,False
7150,0.062,False
7151,0.000,False
7157,0.812,False
7161,0.438,False
7167,0.438,False
7169,0.000,False
7171,0.875,False
7177,0.875,False
7181,0.500,False
7185,0.812,False
7186,0.812,False
7192,0.875,False
7207,0.125,False
7224,0.812,False
7229,0.875,False
7232,0.875,False
7245,0.062,False
7251,0.875,False
7268,0.750,False
7286,0.812,False
7301,0.250,False
7304,0.250,False
7306,0.188,False
7313,0.875,False
7318,0.750,False
7327,0.500,False
7328,0.875,False
7338,0.000,False
7342,0.875,False
7343,0.188,False
7351,0.875,False
7357,0.812,False
7358,0.875,False
7362,0.250,False
7363,0.625,False
7366,0.875,False
7367,0.750,False
7368,0.875,False
7369,0.875,False
7373,0.000,False
7380,0.750,False
7389,0.875,False
7406,0.750,False
7409,0.000,False
7412,0.875,False
7416,0.000,False
7425,0.000,False
7431,0.812,False
7436,0.875,False
7437,0.875,False
7441,0.562,False
7445,0.625,False
7458,0.000,False
7469,0.562,False
7495,0.875,False
7497,0.375,False
7516,0.562,False
7529,0.688,False
7545,0.062,False
7594,0.875,False
7632,0.250,False
7633,0.750,False
7645,0.750,False
7727,0.875,False
7799,0.875,False
7863,0.875,False
7871,0.250,False
7915,0.875,False
7936,0.812,False
7950,0.875,False
7997,0.625,False
8020,0.812,False
8046,0.750,False
8074,0.875,False
8090,0.875,False
8164,0.875,False
8169,0.875,False
8178,0.875,False
8191,0.000,False
8207,0.875,False
8235,0.000,False
8250,0.812,False
8276,0.750,False
8313,0.500,False
8329,0.875,False
8349,0.875,False
8372,0.875,False
8382,0.875,False
8383,0.875,False
8398,0.875,False
8442,0.875,False
8445,0.750,False
8454,0.750,False
8495,0.812,False
8528,0.000,False
8583,0.875,False
8603,0.562,False
8604,0.125,False
8608,0.812,False
8635,0.500,False
8644,0.000,False
8645,0.875,False
8647,0.812,False
8669,0.750,False
8813,0.875,False
8822,0.062,False
8855,0.750,False
8882,0.625,False
8883,0.812,False
8886,0.812,False
8903,0.875,False
8928,0.875,False
8966,0.562,False
8976,0.625,False
8998,0.875,False
9037,0.812,False
9070,0.812,False
9107,0.875,False
9109,0.875,False
9134,0.875,False
9140,0.875,False
9157,0.000,False
9174,0.500,False
9194,0.000,False
9233,0.750,False
9234,0.875,False
9275,0.875,False
9317,0.312,False
9326,0.875,False
9340,0.875,False
9379,0.500,False
9384,0.312,False
9422,0.875,False
9423,0.875,False
9438,0.812,False
9541,0.750,False
9709,0.812,False
9751,0.875,False
9791,0.688,False
9795,0.812,False
9820,0.375,False
9855,0.875,False
9867,0.875,False
9892,0.875,False
9897,0.875,False
9938,0.875,False
9976,0.875,False
9979,0.875,False
9991,0.750,False
10022,0.875,False
10029,0.875,False
10033,0.250,False
10057,0.812,False
10087,0.812,False
10135,0.812,False
10192,0.875,False
10226,0.750,False
10232,0.000,False
10246,0.875,False
10342,0.000,False
10345,0.875,False
10348,0.125,False
10413,0.000,False
10419,0.812,False
10428,0.000,False
10442,0.000,False
10468,0.875,False
10470,0.750,False
10509,0.625,False
10512,0.875,False
10583,0.750,False
10618,0.812,False
10621,0.625,False
10625,0.875,False
10697,0.875,False
10700,0.750,False
10746,0.875,False
10795,0.000,False
10835,0.875,False
10861,0.750,False
10876,0.875,False
10917,0.875,False
10922,0.812,False
10936,0.875,False
10965,0.875,False
10966,0.875,False
10971,0.812,False
10979,0.750,False
10981,0.438,False
11011,0.812,False
11015,0.875,False
11033,0.500,False
11062,0.875,False
11065,0.875,False
11100,0.750,False
11116,0.875,False
11125,0.812,False
11131,0.875,False
11134,0.875,False
11207,0.500,False
11214,0.875,False
11223,0.000,False
11235,0.500,False
11265,0.062,False
11318,0.812,False
11336,0.625,False
11359,0.875,False
11360,0.000,False
11377,0.812,False
11430,0.250,False
11442,0.875,False
11552,0.875,False
11555,0.000,False
11608,0.875,False
11653,0.875,False
11669,0.000,False
11689,0.000,False
11725,0.875,False
11734,0.875,False
11747,0.250,False
11765,0.875,False
11770,0.000,False
11778,0.875,False
11791,0.875,False
11821,0.875,False
11823,0.812,False
11880,0.000,False
11890,0.875,False
11901,0.875,False
11905,0.875,False
11909,0.562,False
11938,0.562,False
11969,0.875,False
11981,0.625,False
12000,0.875,False
12013,0.875,False
12030,0.125,False
12036,0.000,False
12050,0.875,False
12056,0.875,False
12199,0.750,False
12214,0.875,False
12283,0.875,False
12387,0.812,False
12407,0.875,False
12415,0.875,False
12442,0.875,False
12462,0.875,False
12481,0.875,False
12498,0.875,False
12502,0.375,False
12522,0.875,False
12525,0.000,False
12581,0.812,False
12584,0.812,False
12591,0.750,False
12605,0.000,False
12610,0.000,False
12657,0.688,False
12681,0.875,False
12683,0.000,False
12805,0.750,False
12818,0.875,False
12821,0.812,False
12835,0.000,False
12849,0.750,False
12880,0.875,False
12904,0.000,False
12922,0.875,False
12993,0.875,False
13066,0.875,False
13151,0.812,False
13166,0.750,False
13180,0.875,False
13234,0.625,False
13236,0.000,False
13244,0.812,False
13270,0.000,False
13369,0.812,False
13454,0.875,False
13501,0.875,False
13507,0.562,False
13595,0.875,False
13611,0.875,False
13621,0.875,False
13635,0.750,False
13650,0.625,False
13657,0.875,False
13677,0.625,False
13690,0.875,False
13706,0.875,False
13724,0.250,False
13740,0.000,False
13772,0.875,False
13794,0.000,False
13798,0.875,False
13800,0.875,False
13811,0.000,False
13813,0.062,False
13834,0.750,False
13835,0.875,False
13837,0.562,False
13842,0.875,False
13843,0.875,False
13848,0.875,False
13857,0.750,False
13869,0.750,False
13883,0.875,False
13888,0.500,False
13896,0.875,False
13899,0.688,False
13902,0.750,False
13915,0.500,False
13923,0.812,False
13933,0.875,False
13935,0.875,False
13968,0.812,False
13972,0.875,False
13973,0.062,False
13993,0.875,False
14012,0.062,False
14035,0.875,False
14039,0.250,False
14043,0.875,False
14044,0.812,False
14046,0.875,False
14047,0.000,False
14065,0.000,False
14102,0.812,False
14156,0.750,False
14192,0.875,False
14193,0.812,False
14206,0.000,False
14209,0.875,False
14324,0.000,False
14329,0.812,False
14333,0.750,False
14368,0.750,False
14384,0.000,False
14411,0.750,False
14431,0.000,False
14441,0.000,False
14442,0.250,False
14460,0.250,False
14470,0.875,False
14476,0.000,False
14512,0.125,False
14521,0.000,False
14525,0.000,False
14544,0.875,False
14603,0.875,False
14606,0.875,False
14610,0.875,False
14613,0.875,False
14616,0.625,False
14650,0.875,False
14651,0.000,False
14660,0.875,False
14668,0.250,False
14673,0.875,False
14687,0.500,False
14695,0.125,False
14711,0.875,False
14787,0.000,False
14791,0.062,False
14800,0.875,False
14810,0.438,False
14812,0.812,False
14813,0.812,False
14823,0.625,False
14839,0.875,False
14849,0.875,False
14880,0.500,False
14898,0.000,False
14903,0.875,False
14927,0.188,False
14937,0.625,False
14939,0.688,False
14951,0.188,False
14989,0.688,False
15014,0.188,False
15020,0.438,False
15022,0.000,False
15038,0.188,False
15046,0.125,False
15053,0.875,False
15078,0.875,False
15085,0.188,False
15092,0.875,False
15098,0.750,False
15102,0.875,False
15109,0.812,False
15116,0.875,False
15122,0.062,False
15123,0.812,False
15138,0.812,False
15143,0.000,False
15149,0.750,False
15186,0.812,False
15187,0.625,False
15189,0.062,False
15194,0.875,False
15224,0.875,False
15227,0.625,False
15253,0.875,False
15256,0.875,False
15261,0.500,False
15266,0.250,False
15274,0.438,False
15275,0.000,False
15284,0.875,False
15285,0.500,False
15295,0.875,False
15302,0.750,False
15318,0.875,False
15319,0.062,False
15320,0.688,False
15338,0.750,False
15343,0.062,False
15349,0.812,False
15353,0.812,False
15360,0.875,False
15361,0.875,False
15373,0.875,False
15376,0.812,False
15380,0.500,False
15386,0.812,False
15393,0.875,False
15394,0.875,False
15396,0.875,False
15398,0.750,False
15400,0.875,False
15404,0.875,False
15418,0.500,False
15438,0.875,False
15448,0.750,False
15452,0.375,False
15473,0.750,False
15488,0.062,False
15502,0.000,False
15505,0.875,False
15512,0.875,False
15515,0.375,False
15540,0.812,False
15552,0.875,False
15585,0.875,False
15588,0.250,False
15595,0.812,False
15621,0.750,False
15636,0.875,False
15638,0.188,False
15645,0.500,False
15659,0.312,False
15666,0.812,False
15683,0.750,False
15716,0.875,False
15726,0.875,False
15729,0.062,False
15734,0.875,False
15743,0.688,False
15745,0.125,False
15756,0.000,False
15758,0.750,False
15764,0.875,False
15765,0.125,False
15769,0.375,False
15778,0.688,False
15785,0.875,False
15789,0.875,False
15798,0.875,False
15799,0.188,False
15800,0.875,False
15806,0.812,False
15814,0.562,False
15821,0.812,False
15837,0.000,False
15848,0.750,False
15855,0.812,False
15859,0.875,False
15860,0.125,False
15866,0.812,False
15870,0.750,False
15874,0.375,False
15878,0.000,False
15886,0.875,False
15888,0.000,False
15890,0.812,False
15902,0.875,False
15904,0.875,False
15906,0.875,False
15907,0.000,False
15909,0.562,False
15910,0.812,False
15911,0.625,False
15913,0.750,False
15917,0.000,False
15924,0.875,False
15930,0.688,False
15932,0.062,False
15933,0.438,False
15944,0.000,False
15948,0.875,False
15955,0.312,False
15974,0.188,False
15988,0.875,False
16044,0.875,False
16061,0.688,False
16067,0.000,False
16103,0.875,False
16113,0.875,False
16127,0.750,False
16172,0.750,False
16175,0.250,False
16194,0.500,False
16196,0.875,False
16222,0.875,False
16255,0.875,False
16282,0.875,False
16344,0.438,False
16365,0.875,False
16370,0.875,False
16383,0.875,False
16404,0.438,False
16417,0.875,False
16425,0.562,False
16428,0.750,False
16444,0.125,False
16460,0.875,False
16483,0.875,False
16489,0.250,False
16495,0.000,False
16500,0.875,False
16508,0.812,False
16517,0.875,False
16525,0.000,False
16551,0.875,False
16567,0.875,False
16583,0.125,False
16625,0.812,False
16701,0.875,False
16733,0.000,False
16765,0.000,False
16775,0.875,False
16778,0.750,False
16781,0.750,False
16783,0.750,False
16802,0.875,False
16803,0.875,False
16805,0.875,False
16851,0.188,False
16897,0.875,False
16945,0.688,False
17005,0.312,False
17030,0.875,False
17033,0.062,False
17039,0.812,False
17041,0.000,False
17047,0.875,False
17055,0.812,False
17068,0.750,False
17136,0.812,False
17160,0.000,False
17180,0.000,False
17191,0.000,False
17199,0.000,False
17212,0.000,False
17284,0.250,False
17309,0.875,False
17314,0.875,False
17321,0.000,False
17332,0.750,False
17339,0.000,False
17350,0.688,False
17358,0.875,False
17377,0.875,False
17381,0.875,False
17382,0.875,False
17384,0.750,False
17443,0.812,False
17465,0.875,False
17485,0.875,False
17490,0.812,False
17503,0.062,False
17504,0.875,False
17506,0.875,False
17537,0.875,False
17566,0.375,False
17569,0.062,False
17572,0.000,False
17573,0.750,False
17585,0.875,False
17587,0.875,False
17591,0.875,False
17598,0.812,False
17600,0.875,False
17601,0.000,False
17608,0.875,False
17623,0.000,False
17626,0.188,False
17627,0.188,False
17636,0.000,False
17637,0.875,False
17645,0.625,False
17650,0.625,False
17673,0.875,False
17675,0.875,False
17676,0.062,False
17691,0.562,False
17696,0.312,False
17723,0.000,False
17744,0.062,False
17796,0.312,False
17809,0.062,False
17811,0.375,False
17850,0.438,False
17853,0.812,False
17882,0.875,False
17895,0.875,False
17944,0.875,False
17990,0.875,False
18043,0.562,False
18066,0.375,False
18067,0.625,False
18072,0.875,False
18085,0.625,False
18091,0.000,False
18092,0.625,False
18102,0.500,False
18106,0.062,False
18129,0.875,False
18132,0.000,False
18157,0.875,False
18173,0.562,False
18175,0.875,False
18186,0.562,False
18191,0.000,False
18198,0.812,False
18199,0.250,False
18201,0.500,False
18208,0.750,False
18222,0.875,False
18224,0.625,False
18249,0.812,False
18273,0.875,False
18299,0.625,False
18302,0.000,False
18351,0.875,False
18357,0.750,False
18368,0.250,False
18379,0.000,False
18383,0.812,False
18390,0.000,False
18416,0.188,False
18451,0.125,False
18460,0.750,False
18464,0.812,False
18473,0.000,False
18474,0.875,False
18475,0.000,False
18476,0.000,False
18502,0.875,False
18507,0.250,False
18520,0.562,False
18557,0.062,False
18561,0.000,False
18562,0.750,False
18613,0.875,False
18633,0.875,False
18709,0.250,False
18751,0.125,False
18757,0.250,False
18782,0.875,False
18800,0.625,False
18828,0.812,False
18845,0.875,False
18856,0.000,False
18901,0.500,False
18903,0.750,False
18913,0.062,False
18920,0.688,False
18926,0.250,False
18938,0.750,False
18946,0.875,False
18960,0.875,False
18973,0.875,False
18991,0.500,False
18993,0.625,False
19021,0.750,False
19049,0.000,False
19057,0.375,False
19058,0.875,False
19068,0.875,False
19072,0.625,False
19083,0.500,False
19092,0.312,False
19151,0.750,False
19161,0.875,False
19175,0.750,False
19204,0.812,False
19212,0.000,False
19214,0.875,False
19219,0.250,False
19233,0.500,False
19236,0.188,False
19275,0.875,False
19321,0.750,False
19322,0.000,False
19337,0.875,False
19357,0.875,False
19363,0.812,False
19374,0.875,False
19388,0.000,False
19394,0.812,False
19413,0.812,False
19500,0.750,False
19504,0.688,False
19522,0.875,False
19525,0.875,False
19540,0.250,False
19549,0.750,False
19551,0.875,False
19562,0.812,False
19616,0.750,False
19622,0.812,False
19623,0.188,False
19633,0.875,False
19637,0.688,False
19658,0.625,False
19674,0.312,False
19688,0.875,False
19690,0.875,False
19741,0.875,False
19747,0.875,False
19763,0.438,False
19764,0.812,False
19768,0.125,False
19771,0.875,False
19775,0.438,False
19781,0.625,False
19789,0.688,False
19839,0.438,False
19856,0.750,False
19858,0.062,False
19867,0.875,False
19901,0.875,False
19908,0.000,False
19910,0.125,False
19916,0.000,False
19926,0.875,False
19938,0.875,False
19940,0.000,False
19944,0.562,False
19946,0.000,False
19948,0.750,False
19954,0.812,False
19971,0.875,False
19986,0.000,False
19987,0.188,False
19998,0.250,False
20022,0.000,False
20026,0.875,False
20031,0.062,False
20033,0.250,False
20059,0.812,False
20066,0.875,False
20085,0.688,False
20092,0.062,False
20095,0.812,False
20098,0.875,False
20106,0.875,False
20119,0.875,False
20126,0.875,False
20146,0.750,False
20147,0.688,False
20155,0.750,False
20177,0.000,False
20183,0.875,False
20190,0.625,False
20201,0.625,False
20206,0.875,False
20212,0.000,False
20214,0.000,False
20218,0.812,False
20221,0.750,False
20223,0.875,False
20227,0.812,False
20230,0.875,False
20235,0.250,False
20237,0.875,False
20243,0.875,False
20249,0.750,False
20262,0.750,False
20263,0.125,False
20264,0.000,False
20265,0.875,False
20268,0.688,False
20269,0.875,False
20272,0.750,False
20273,0.625,False
20274,0.812,False
20275,0.875,False
20279,0.875,False
20280,0.750,False
20282,0.250,False
20292,0.188,False
20298,0.000,False
20301,0.812,False
20324,0.250,False
20326,0.875,False
20347,0.125,False
20427,0.875,False
20454,0.875,False
20455,0.000,False
20456,0.000,False
20458,0.875,False
20468,0.000,False
20471,0.875,False
20474,0.312,False
20479,0.500,False
20481,0.812,False
20503,0.875,False
20510,0.812,False
20511,0.000,False
20517,0.875,False
20532,0.000,False
20534,0.250,False
20537,0.875,False
20556,0.688,False
20579,0.875,False
20581,0.875,False
20612,0.750,False
20629,0.875,False
20631,0.875,False
20638,0.750,False
20659,0.562,False
20692,0.625,False
20695,0.750,False
20732,0.750,False
20735,0.750,False
20748,0.000,False
20766,0.750,False
20809,0.750,False
20812,0.125,False
20818,0.750,False
20819,0.875,False
20821,0.875,False
20841,0.500,False
20849,0.875,False
20851,0.875,False
20853,0.000,False
20858,0.812,False
20859,0.750,False
20861,0.875,False
20869,0.875,False
20871,0.625,False
20887,0.875,False
20898,0.250,False
20899,0.812,False
20906,0.562,False
20907,0.750,False
20910,0.875,False
20912,0.875,False
20935,0.062,False
20946,0.000,False
20974,0.750,False
20978,0.125,False
20980,0.812,False
21017,0.875,False
21053,0.625,False
21061,0.125,False
21073,0.000,False
21077,0.312,False
21104,0.812,False
21109,0.062,False
21111,0.875,False
21128,0.750,False
21130,0.875,False
21169,0.875,False
21173,0.625,False
21262,0.750,False
21274,0.875,False
21309,0.875,False
21324,0.062,False
21347,0.062,False
21371,0.875,False
21380,0.375,False
21388,0.062,False
21391,0.875,False
21399,0.875,False
21403,0.812,False
21415,0.875,False
21431,0.875,False
21453,0.875,False
21454,0.562,False
21458,0.875,False
21461,0.688,False
21463,0.875,False
21465,0.875,False
21467,0.188,False
21475,0.000,False
21492,0.188,False
21496,0.000,False
21500,0.000,False
21501,0.625,False
21543,0.875,False
21584,0.062,False
21601,0.875,False
21636,0.875,False
21666,0.625,False
21680,0.875,False
21684,0.875,False
21690,0.000,False
21696,0.750,False
21758,0.875,False
21799,0.875,False
21826,0.500,False
21840,0.875,False
21850,0.125,False
21862,0.875,False
21871,0.875,False
21874,0.875,False
21881,0.062,False
21944,0.750,False
21953,0.812,False
21962,0.625,False
21964,0.000,False
21972,0.000,False
21973,0.062,False
21984,0.125,False
21999,0.000,False
22011,0.062,False
22013,0.750,False
22014,0.125,False
22017,0.875,False
22026,0.000,False
22029,0.812,False
22036,0.000,False
22038,0.000,False
22047,0.812,False
22060,0.875,False
22074,0.875,False
22078,0.812,False
22079,0.875,False
22110,0.875,False
22146,0.875,False
22153,0.875,False
22154,0.375,False
22170,0.000,False
22185,0.250,False
22260,0.812,False
22262,0.875,False
22268,0.312,False
22310,0.688,False
22311,0.812,False
22317,0.812,False
22328,0.000,False
22332,0.875,False
22343,0.812,False
22344,0.875,False
22348,0.750,False
22377,0.875,False
22387,0.625,False
22405,0.438,False
22448,0.000,False
22450,0.625,False
22460,0.000,False
22461,0.000,False
22474,0.875,False
22482,0.875,False
22486,0.875,False
22492,0.000,False
22495,0.250,False
22521,0.000,False
22544,0.000,False
22551,0.000,False
22556,0.062,False
22557,0.500,False
22560,0.750,False
22564,0.812,False
22565,0.812,False
22569,0.812,False
22570,0.062,False
22571,0.875,False
22572,0.000,False
22574,0.875,False
22576,0.688,False
22581,0.812,False
22582,0.875,False
22589,0.750,False
22620,0.812,False
22622,0.875,False
22650,0.438,False
22663,0.875,False
22683,0.812,False
22692,0.000,False
22695,0.875,False
22699,0.875,False
22701,0.000,False
22719,0.438,False
22721,0.188,False
22733,0.750,False
22740,0.750,False
22752,0.000,False
22762,0.875,False
22776,0.062,False
22777,0.875,False
22792,0.812,False
22795,0.750,False
22805,0.312,False
22809,0.000,False
22812,0.625,False
22850,0.625,False
22859,0.000,False
22865,0.500,False
22888,0.625,False
22901,0.875,False
22903,0.625,False
22933,0.000,False
22939,0.750,False
22943,0.812,False
22944,0.875,False
22947,0.000,False
22970,0.000,False
22995,0.500,False
22998,0.062,False
23010,0.875,False
23011,0.000,False
23015,0.812,False
23016,0.688,False
23018,0.875,False
23035,0.875,False
23045,0.000,False
23046,0.812,False
23096,0.688,False
23116,0.000,False
23131,0.875,False
23133,0.875,False
23186,0.875,False
23212,0.750,False
23214,0.812,False
23218,0.812,False
23229,0.875,False
23231,0.875,False
23245,0.625,False
23249,0.750,False
23251,0.375,False
23265,0.125,False
23281,0.875,False
23307,0.750,False
23309,0.875,False
23344,0.875,False
23454,0.875,False
23497,0.875,False
23503,0.000,False
23511,0.062,False
23520,0.875,False
23522,0.750,False
23525,0.750,False
23532,0.125,False
23537,0.250,False
23606,0.750,False
23617,0.875,False
23631,0.750,False
23650,0.812,False
23651,0.750,False
23652,0.812,False
23653,0.812,False
23654,0.875,False
23655,0.688,False
23656,0.750,False
23664,0.688,False
23665,0.625,False
23672,0.812,False
23683,0.688,False
23687,0.875,False
23689,0.812,False
23695,0.875,False
23719,0.625,False
23739,0.875,False
23810,0.875,False
23826,0.000,False
23828,0.625,False
23869,0.750,False
23876,0.875,False
23924,0.000,False
23950,0.375,False
23960,0.000,False
23961,0.875,False
24004,0.875,False
24005,0.500,False
24020,0.875,False
24054,0.188,False
24092,0.250,False
24107,0.812,False
24112,0.000,False
24116,0.875,False
24118,0.438,False
24120,0.875,False
24135,0.875,False
24139,0.250,False
24143,0.000,False
24152,0.875,False
24161,0.875,False
24163,0.875,False
24168,0.875,False
24178,0.875,False
24206,0.875,False
24209,0.875,False
24211,0.875,False
24214,0.125,False
24224,0.812,False
24233,0.875,False
24247,0.875,False
24274,0.750,False
24279,0.875,False
24297,0.000,False
24307,0.875,False
24342,0.812,False
24343,0.875,False
24347,0.750,False
24348,0.875,False
24351,0.000,False
24356,0.000,False
24362,0.000,False
24366,0.875,False
24374,0.312,False
24380,0.812,False
24383,0.000,False
24385,0.875,False
24389,0.000,False
24399,0.812,False
24401,0.750,False
24402,0.500,False
24404,0.875,False
24410,0.750,False
24411,0.875,False
24425,0.562,False
24436,0.688,False
24459,0.438,False
24463,0.750,False
24470,0.000,False
24481,0.875,False
24488,0.875,False
24508,0.812,False
24513,0.188,False
24519,0.812,False
24525,0.750,False
24539,0.875,False
24546,0.875,False
24556,0.062,False
24572,0.875,False
24591,0.875,False
24674,0.750,False
24725,0.750,False
24743,0.875,False
24780,0.750,False
24781,0.625,False
24792,0.875,False
24806,0.000,False
24807,0.875,False
24827,0.750,False
24838,0.625,False
24868,0.375,False
24876,0.250,False
24894,0.875,False
24903,0.625,False
24912,0.875,False
24913,0.438,False
24916,0.750,False
24933,0.750,False
24935,0.062,False
24944,0.250,False
24978,0.250,False
24981,0.812,False
24988,0.188,False
25057,0.875,False
25062,0.500,False
25085,0.000,False
25086,0.000,False
25102,0.875,False
25124,0.188,False
25167,0.875,False
25178,0.812,False
25186,0.750,False
25187,0.375,False
25193,0.812,False
25205,0.812,False
25206,0.875,False
25216,0.875,False
25231,0.875,False
25260,0.750,False
25287,0.000,False
25302,0.000,False
25315,0.812,False
25327,0.812,False
25331,0.000,False
25334,0.875,False
25335,0.188,False
25360,0.000,False
25368,0.000,False
25369,0.562,False
25374,0.750,False
25375,0.062,False
25377,0.188,False
25388,0.000,False
25394,0.875,False
25398,0.875,False
25399,0.750,False
25434,0.750,False
25443,0.750,False
25450,0.250,False
25455,0.000,False
25489,0.812,False
25492,0.000,False
25502,0.812,False
25522,0.375,False
25529,0.875,False
25534,0.875,False
25563,0.875,False
25572,0.875,False
25603,0.875,False
25605,0.562,False
25607,0.562,False
25609,0.250,False
25612,0.000,False
25628,0.875,False
25630,0.875,False
25634,0.812,False
25637,0.062,False
25638,0.688,False
25642,0.688,False
25643,0.688,False
25644,0.625,False
25654,0.000,False
25670,0.875,False
25672,0.688,False
25677,0.000,False
25684,0.812,False
25685,0.375,False
25687,0.688,False
25702,0.750,False
25717,0.875,False
25719,0.000,False
25807,0.875,False
25850,0.562,False
25865,0.812,False
25872,0.875,False
25880,0.812,False
25882,0.875,False
25885,0.625,False
25889,0.688,False
25900,0.812,False
25903,0.875,False
25906,0.500,False
25914,0.875,False
25915,0.875,False
25967,0.000,False
25971,0.812,False
26049,0.875,False
26104,0.000,False
26107,0.812,False
26120,0.875,False
26140,0.875,False
26142,0.812,False
26146,0.812,False
26159,0.000,False
26177,0.000,False
26179,0.500,False
26186,0.000,False
26199,0.562,False
26233,0.500,False
26248,0.250,False
26251,0.875,False
26342,0.750,False
26368,0.875,False
26369,0.875,False
26372,0.000,False
26379,0.125,False
26401,0.000,False
26433,0.875,False
26477,0.125,False
26492,0.750,False
26501,0.125,False
26503,0.875,False
26505,0.062,False
26510,0.875,False
26511,0.875,False
26514,0.000,False
26521,0.625,False
26526,0.250,False
26528,0.125,False
26529,0.000,False
26531,0.875,False
26538,0.125,False
26540,0.750,False
26545,0.750,False
26547,0.812,False
26570,0.062,False
26573,0.562,False
26578,0.750,False
26581,0.875,False
26584,0.000,False
26591,0.875,False
26613,0.000,False
26625,0.812,False
26626,0.250,False
26629,0.875,False
26650,0.750,False
26666,0.875,False
26682,0.438,False
26693,0.812,False
26694,0.875,False
26697,0.875,False
26704,0.875,False
26758,0.875,False
26760,0.875,False
26762,0.875,False
26815,0.875,False
26832,0.625,False
26853,0.875,False
26879,0.812,False
26882,0.875,False
26899,0.812,False
26903,0.875,False
26911,0.875,False
26931,0.000,False
26935,0.875,False
26940,0.812,False
26946,0.750,False
26952,0.688,False
26954,0.375,False
26994,0.750,False
27008,0.812,False
27009,0.875,False
27015,0.688,False
27020,0.812,False
27042,0.812,False
27060,0.000,False
27072,0.812,False
27073,0.875,False
27091,0.000,False
27121,0.875,False
27125,0.812,False
27133,0.000,False
27173,0.688,False
27197,0.875,False
27296,0.750,False
27297,0.875,False
27317,0.875,False
27334,0.312,False
27383,0.000,False
27397,0.875,False
27419,0.625,False
27452,0.000,False
27454,0.875,False
27459,0.875,False
27466,0.875,False
27478,0.000,False
27482,0.688,False
27483,0.500,False
27487,0.875,False
27501,0.875,False
27525,0.312,False
27532,0.875,False
27545,0.750,False
27553,0.875,False
27558,0.875,False
27565,0.875,False
27567,0.688,False
27570,0.000,False
27580,0.875,False
27585,0.625,False
27607,0.875,False
27617,0.062,False
27619,0.875,False
27659,0.188,False
27716,0.875,False
27718,0.812,False
27724,0.875,False
27769,0.125,False
27805,0.000,False
27815,0.250,False
27851,0.875,False
27869,0.312,False
27870,0.812,False
27875,0.875,False
27877,0.000,False
27887,0.875,False
27892,0.812,False
27907,0.812,False
27915,0.875,False
27916,0.875,False
27929,0.750,False
27937,0.188,False
27989,0.625,False
27998,0.875,False
28008,0.000,False
28018,0.875,False
28024,0.750,False
28025,0.875,False
28049,0.438,False
28065,0.750,False
28067,0.875,False
28083,0.750,False
28103,0.875,False
28113,0.875,False
28120,0.750,False
28138,0.062,False
28140,0.812,False
28167,0.812,False
28195,0.875,False
28262,0.000,False
28266,0.625,False
28271,0.875,False
28279,0.750,False
28281,0.750,False
28286,0.000,False
28291,0.750,False
28292,0.625,False
28298,0.250,False
28314,0.812,False
28366,0.750,False
28376,0.875,False
28395,0.875,False
28419,0.875,False
28438,0.000,False
28449,0.875,False
28505,0.875,False
28506,0.688,False
28511,0.875,False
28515,0.875,False
28518,0.000,False
28522,0.812,False
28523,0.812,False
28525,0.250,False
28526,0.688,False
28529,0.625,False
28530,0.500,False
28533,0.875,False
28535,0.875,False
28536,0.875,False
28539,0.875,False
28580,0.875,False
28591,0.750,False
28608,0.000,False
28616,0.875,False
28646,0.562,False
28648,0.875,False
28649,0.250,False
28651,0.000,False
28672,0.875,False
28705,0.750,False
28712,0.188,False
28715,0.812,False
28722,0.875,False
28743,0.875,False
28746,0.812,False
28808,0.875,False
28823,0.750,False
28836,0.250,False
28855,0.000,False
28857,0.000,False
28921,0.812,False
28934,0.062,False
28949,0.000,False
28953,0.812,False
28975,0.000,False
28982,0.812,False
28985,0.500,False
29006,0.625,False
29007,0.875,False
29016,0.000,False
29026,0.875,False
29038,0.812,False
29045,0.875,False
29064,0.875,False
29073,0.500,False
29080,0.875,False
29084,0.000,False
29085,0.750,False
29099,0.750,False
29117,0.312,False
29124,0.875,False
29139,0.875,False
29211,0.312,False
29218,0.875,False
29231,0.812,False
29259,0.125,False
29273,0.625,False
29289,0.125,False
29297,0.812,False
29383,0.875,False
29408,0.875,False
29421,0.875,False
29422,0.812,False
29446,0.750,False
29485,0.875,False
29491,0.875,False
29502,0.812,False
29505,0.000,False
29507,0.125,False
29508,0.875,False
29509,0.000,False
29515,0.812,False
29536,0.562,False
29549,0.812,False
29598,0.000,False
29606,0.812,False
29619,0.875,False
29637,0.750,False
29641,0.875,False
29643,0.875,False
29651,0.812,False
29653,0.875,False
29707,0.875,False
29721,0.875,False
29754,0.062,False
29766,0.812,False
29783,0.875,False
29819,0.625,False
29873,0.062,False
29883,0.000,False
29895,0.688,False
29908,0.250,False
29974,0.875,False
29988,0.750,False
29992,0.625,False
30013,0.688,False
30021,0.188,False
30034,0.750,False
30036,0.875,False
30039,0.812,False
30060,0.812,False
30075,0.000,False
30086,0.750,False
30112,0.688,False
30125,0.812,False
30132,0.875,False
30137,0.000,False
30140,0.750,False
30147,0.062,False
30192,0.875,False
30203,0.062,False
30209,0.812,False
30233,0.688,False
30241,0.562,False
30244,0.562,False
30247,0.875,False
30250,0.875,False
30264,0.125,False
30272,0.875,False
30273,0.062,False
30290,0.750,False
30300,0.875,False
30301,0.812,False
30311,0.000,False
30312,0.750,False
30351,0.875,False
30353,0.375,False
30355,0.562,False
30357,0.750,False
30358,0.438,False
30369,0.125,False
30372,0.375,False
30373,0.062,False
30380,0.000,False
30385,0.312,False
30388,0.875,False
30391,0.750,False
30394,0.375,False
30399,0.750,False
30431,0.812,False
30481,0.562,False
30494,0.875,False
30503,0.375,False
30514,0.750,False
30516,0.750,False
30552,0.438,False
30564,0.875,False
30619,0.875,False
30645,0.875,False
30650,0.875,False
30652,0.750,False
30656,0.500,False
30665,0.875,False
30681,0.812,False
30687,0.500,False
30695,0.812,False
30756,0.438,False
30765,0.000,False
30770,0.062,False
30773,0.812,False
30774,0.812,False
30777,0.812,False
30780,0.875,False
30781,0.500,False
30784,0.500,False
30791,0.250,False
30794,0.750,False
30796,0.000,False
30805,0.000,False
30806,0.875,False
30815,0.625,False
30904,0.750,False
30948,0.750,False
30954,0.000,False
30969,0.688,False
30976,0.875,False
30988,0.688,False
30989,0.625,False
30992,0.875,False
31003,0.875,False
31023,0.875,False
31027,0.812,False
31042,0.562,False
31055,0.875,False
31056,0.375,False
31064,0.812,False
31100,0.875,False
31120,0.125,False
31157,0.875,False
31159,0.750,False
31164,0.812,False
31168,0.812,False
31170,0.812,False
31178,0.875,False
31185,0.812,False
31187,0.062,False
31197,0.875,False
31200,0.812,False
31228,0.688,False
31259,0.812,False
31265,0.688,False
31270,0.875,False
31291,0.875,False
31298,0.875,False
31320,0.062,False
31323,0.125,False
31326,0.750,False
31327,0.000,False
31333,0.000,False
31336,0.875,False
31346,0.438,False
31357,0.812,False
31366,0.875,False
31379,0.562,False
31421,0.875,False
31422,0.562,False
31452,0.688,False
31459,0.125,False
31461,0.688,False
31482,0.562,False
31483,0.688,False
31492,0.750,False
31499,0.500,False
31528,0.875,False
31554,0.875,False
31562,0.875,False
31564,0.000,False
31601,0.062,False
31606,0.625,False
31607,0.875,False
31633,0.438,False
31646,0.250,False
31673,0.625,False
31697,0.000,False
31704,0.750,False
31751,0.875,False
31762,0.812,False
31765,0.875,False
31793,0.875,False
31797,0.875,False
31800,0.875,False
31809,0.875,False
31811,0.750,False
31825,0.250,False
31832,0.875,False
31849,0.750,False
31855,0.000,False
31863,0.625,False
31875,0.000,False
31898,0.000,False
31907,0.500,False
31915,0.875,False
31918,0.688,False
31956,0.250,False
31967,0.688,False
31990,0.875,False
32019,0.875,False
32030,0.875,False
32032,0.500,False
32033,0.125,False
32040,0.750,False
32050,0.688,False
32056,0.000,False
32064,0.875,False
32077,0.875,False
32079,0.875,False
32085,0.875,False
32091,0.000,False
32093,0.875,False
32094,0.875,False
32095,0.000,False
32099,0.875,False
32113,0.875,False
32132,0.188,False
32144,0.812,False
32156,0.312,False
32163,0.875,False
32187,0.000,False
32190,0.688,False
32195,0.125,False
32203,0.625,False
32208,0.250,False
32209,0.250,False
32214,0.438,False
32229,0.875,False
32230,0.000,False
32232,0.812,False
32235,0.688,False
32236,0.500,False
32241,0.562,False
32242,0.000,False
32256,0.875,False
32260,0.875,False
32262,0.875,False
32268,0.500,False
32287,0.875,False
32300,0.688,False
32345,0.875,False
32346,0.812,False
32388,0.875,False
32395,0.000,False
32399,0.812,False
32444,0.875,False
32446,0.875,False
32457,0.875,False
32508,0.625,False
32524,0.688,False
32536,0.125,False
32539,0.625,False
32540,0.812,False
32548,0.875,False
32549,0.625,False
32551,0.000,False
32612,0.875,False
32621,0.812,False
32637,0.875,False
32671,0.250,False
32678,0.812,False
32697,0.875,False
32783,0.812,False
32822,0.000,False
32832,0.000,False
32843,0.875,False
32850,0.875,False
32856,0.500,False
32867,0.812,False
32872,0.875,False
32887,0.750,False
32899,0.500,False
32913,0.500,False
32916,0.875,False
32917,0.000,False
32935,0.875,False
32944,0.062,False
32962,0.875,False
33003,0.875,False
33041,0.188,False
33076,0.750,False
33082,0.812,False
33110,0.250,False
33111,0.562,False
33124,0.875,False
33125,0.875,False
33127,0.125,False
33131,0.750,False
33132,0.000,False
33135,0.000,False
33142,0.875,False
33162,0.562,False
33186,0.250,False
33213,0.875,False
33219,0.000,False
33226,0.000,False
33234,0.875,False
33263,0.750,False
33290,0.875,False
33300,0.812,False
33321,0.750,False
33362,0.875,False
33363,0.688,False
33370,0.875,False
33373,0.750,False
33375,0.812,False
33377,0.875,False
33385,0.875,False
33397,0.688,False
33407,0.875,False
33441,0.812,False
33442,0.812,False
33448,0.625,False
33473,0.750,False
33546,0.875,False
33596,0.875,False
33624,0.875,False
33632,0.812,False
33656,0.125,False
33660,0.625,False
33695,0.750,False
33712,0.625,False
33714,0.875,False
33728,0.250,False
33729,0.875,False
33742,0.312,False
33776,0.000,False
33864,0.375,False
33866,0.812,False
33871,0.438,False
33874,0.625,False
33891,0.500,False
33895,0.875,False
33901,0.500,False
33936,0.688,False
33971,0.875,False
33993,0.000,False
33994,0.000,False
33996,0.875,False
33999,0.875,False
34002,0.562,False
34015,0.812,False
34025,0.562,False
34026,0.875,False
34033,0.000,False
34034,0.875,False
34038,0.125,False
34054,0.750,False
34065,0.875,False
34070,0.688,False
34082,0.875,False
34092,0.000,False
34093,0.875,False
34144,0.750,False
34153,0.875,False
34155,0.875,False
34156,0.750,False
34158,0.812,False
34161,0.438,False
34162,0.438,False
34168,0.562,False
34171,0.875,False
34177,0.875,False
34179,0.875,False
34193,0.875,False
34272,0.000,False
34288,0.875,False
34302,0.875,False
34350,0.125,False
34353,0.000,False
34357,0.625,False
34361,0.562,False
34385,0.625,False
34389,0.750,False
34397,0.000,False
34420,0.875,False
34427,0.750,False
34439,0.250,False
34449,0.000,False
34479,0.875,False
34541,0.875,False
34551,0.000,False
34604,0.750,False
34614,0.125,False
34616,0.875,False
34626,0.875,False
34630,0.750,False
34634,0.375,False
34651,0.812,False
34670,0.000,False
34672,0.000,False
34673,0.750,False
34680,0.000,False
34689,0.000,False
34692,0.875,False
34696,0.875,False
34751,0.875,False
34752,0.875,False
34759,0.875,False
34760,0.875,False
34761,0.688,False
34795,0.625,False
34801,0.500,False
34807,0.188,False
34817,0.688,False
34861,0.750,False
34938,0.812,False
34941,0.875,False
34959,0.875,False
34970,0.688,False
34982,0.875,False
34983,0.875,False
34984,0.750,False
34990,0.000,False
34996,0.438,False
35009,0.562,False
35018,0.000,False
35030,0.062,False
35037,0.875,False
35068,0.875,False
35072,0.875,False
35077,0.875,False
35080,0.875,False
35083,0.750,False
35089,0.188,False
35094,0.812,False
35096,0.062,False
35097,0.125,False
35098,0.000,False
35111,0.812,False
35120,0.750,False
35138,0.000,False
35161,0.875,False
35180,0.625,False
35181,0.875,False
35203,0.625,False
35224,0.000,False
35241,0.125,False
35248,0.875,False
35252,0.875,False
35281,0.875,False
35288,0.750,False
35305,0.812,False
35364,0.875,False
35393,0.000,False
35400,0.750,False
35407,0.688,False
35418,0.625,False
35424,0.875,False
35426,0.875,False
35427,0.875,False
35428,0.875,False
35430,0.875,False
35439,0.875,False
35442,0.875,False
35447,0.375,False
35451,0.812,False
35495,0.000,False
35515,0.750,False
35545,0.062,False
35547,0.750,False
35554,0.000,False
35567,0.750,False
35568,0.875,False
35581,0.188,False
35608,0.812,False
35620,0.750,False
35625,0.062,False
35648,0.312,False
35655,0.250,False
35670,0.000,False
35681,0.750,False
35701,0.875,False
35708,0.625,False
35712,0.750,False
35715,0.000,False
35719,0.750,False
35723,0.812,False
35748,0.875,False
35753,0.000,False
35756,0.875,False
35762,0.250,False
35763,0.000,False
35790,0.250,False
35791,0.125,False
35801,0.250,False
35807,0.750,False
35810,0.812,False
35814,0.750,False
35816,0.875,False
35818,0.750,False
35824,0.500,False
35829,0.812,False
35904,0.812,False
35909,0.812,False
35922,0.000,False
35929,0.750,False
35937,0.875,False
35972,0.688,False
35976,0.812,False
35977,0.812,False
35986,0.125,False
35992,0.688,False
36018,0.875,False
36044,0.875,False
36054,0.062,False
36059,0.062,False
36107,0.812,False
36111,0.250,False
36121,0.000,False
36124,0.188,False
36132,0.250,False
36144,0.688,False
36152,0.875,False
36161,0.875,False
36172,0.750,False
36213,0.688,False
36230,0.875,False
36283,0.875,False
36302,0.875,False
36310,0.125,False
36323,0.062,False
36339,0.875,False
36359,0.875,False
36380,0.625,False
36384,0.750,False
36391,0.750,False
36414,0.875,False
36417,0.875,False
36425,0.875,False
36427,0.438,False
36437,0.812,False
36487,0.875,False
36495,0.250,False
36515,0.000,False
36523,0.375,False
36527,0.188,False
36533,0.750,False
36538,0.875,False
36590,0.875,False
36649,0.875,False
36650,0.125,False
36658,0.062,False
36686,0.812,False
36691,0.875,False
36699,0.875,False
36703,0.875,False
36706,0.875,False
36736,0.500,False
36740,0.062,False
36757,0.875,False
36791,0.562,False
36803,0.062,False
36804,0.688,False
36816,0.750,False
36817,0.312,False
36835,0.000,False
36850,0.750,False
36860,0.000,False
36861,0.125,False
36907,0.500,False
36931,0.875,False
36954,0.750,False
36965,0.750,False
37012,0.875,False
37014,0.750,False
37056,0.875,False
37059,0.500,False
37065,0.688,False
37076,0.562,False
37081,0.625,False
37083,0.625,False
37084,0.875,False
37110,0.875,False
37130,0.000,False
37163,0.875,False
37166,0.125,False
37169,0.000,False
37178,0.875,False
37179,0.812,False
37185,0.000,False
37188,0.500,False
37194,0.875,False
37230,0.000,False
37255,0.000,False
37263,0.688,False
37266,0.625,False
37269,0.688,False
37278,0.312,False
37282,0.875,False
37298,0.750,False
37306,0.500,False
37321,0.875,False
37327,0.750,False
37353,0.000,False
37363,0.000,False
37387,0.875,False
37393,0.000,False
37428,0.812,False
37436,0.312,False
37446,0.250,False
37450,0.125,False
37474,0.000,False
37492,0.688,False
37527,0.250,False
37528,0.812,False
37540,0.438,False
37560,0.875,False
37579,0.812,False
37584,0.562,False
37608,0.625,False
37609,0.312,False
37628,0.812,False
37629,0.875,False
37638,0.000,False
37640,0.062,False
37642,0.875,False
37644,0.062,False
37649,0.500,False
37656,0.000,False
37661,0.750,False
37669,0.250,False
37680,0.875,False
37694,0.875,False
37698,0.625,False
37724,0.438,False
37730,0.750,False
37740,0.750,False
37742,0.000,False
37750,0.875,False
37754,0.500,False
37784,0.000,False
37787,0.812,False
37796,0.875,False
37798,0.812,False
37816,0.750,False
37856,0.875,False
37869,0.875,False
37873,0.875,False
37951,0.250,False
37954,0.312,False
37972,0.875,False
38033,0.875,False
38062,0.188,False
38085,0.000,False
38093,0.500,False
38094,0.562,False
38151,0.625,False
38154,0.375,False
38163,0.812,False
38164,0.000,False
38172,0.875,False
38182,0.875,False
38185,0.875,False
38189,0.875,False
38204,0.875,False
38211,0.250,False
38216,0.062,False
38255,0.875,False
38279,0.812,False
38311,0.812,False
38369,0.875,False
38451,0.000,False
38465,0.000,False
38466,0.812,False
38474,0.812,False
38475,0.875,False
38476,0.875,False
38478,0.812,False
38479,0.812,False
38482,0.562,False
38494,0.875,False
38498,0.625,False
38501,0.875,False
38520,0.500,False
38525,0.875,False
38562,0.875,False
38570,0.000,False
38575,0.000,False
38581,0.000,False
38591,0.875,False
38594,0.750,False
38601,0.250,False
38606,0.812,False
38611,0.625,False
38613,0.000,False
38616,0.312,False
38625,0.000,False
38629,0.375,False
38636,0.875,False
38642,0.875,False
38643,0.750,False
38663,0.375,False
38664,0.875,False
38675,0.250,False
38682,0.750,False
38690,0.000,False
38691,0.812,False
38726,0.812,False
38765,0.875,False
38811,0.875,False
38815,0.500,False
38835,0.875,False
38846,0.875,False
38856,0.500,False
38858,0.000,False
38860,0.750,False
38883,0.000,False
38891,0.812,False
38904,0.625,False
38918,0.875,False
38935,0.875,False
38950,0.812,False
38964,0.875,False
39009,0.000,False
39030,0.750,False
39052,0.688,False
39057,0.125,False
39062,0.875,False
39065,0.625,False
39067,0.062,False
39078,0.875,False
39079,0.750,False
39081,0.000,False
39082,0.875,False
39084,0.812,False
39087,0.875,False
39088,0.562,False
39091,0.812,False
39094,0.875,False
39124,0.750,False
39150,0.875,False
39158,0.625,False
39195,0.875,False
39207,0.750,False
39213,0.812,False
39226,0.250,False
39227,0.875,False
39238,0.188,False
39241,0.875,False
39266,0.875,False
39275,0.000,False
39298,0.000,False
39347,0.875,False
39355,0.000,False
39356,0.750,False
39361,0.812,False
39410,0.000,False
39411,0.625,False
39427,0.250,False
39437,0.000,False
39448,0.000,False
39454,0.625,False
39457,0.000,False
39465,0.875,False
39466,0.750,False
39474,0.000,False
39477,0.750,False
39501,0.625,False
39516,0.812,False
39558,0.812,False
39566,0.875,False
39574,0.875,False
39583,0.500,False
39584,0.875,False
39588,0.000,False
39605,0.750,False
39612,0.500,False
39633,0.688,False
39734,0.812,False
39736,0.875,False
39737,0.875,False
39765,0.812,False
39770,0.625,False
39785,0.688,False
39787,0.875,False
39796,0.688,False
39820,0.000,False
39848,0.062,False
39858,0.750,False
39882,0.875,False
39883,0.812,False
39900,0.812,False
39904,0.625,False
39913,0.000,False
39918,0.875,False
39937,0.875,False
39938,0.875,False
39948,0.750,False
39962,0.875,False
40019,0.688,False
40031,0.875,False
40047,0.875,False
40064,0.875,False
40081,0.000,False
40108,0.000,False
40110,0.875,False
40132,0.000,False
40141,0.875,False
40148,0.875,False
40156,0.625,False
40163,0.000,False
40165,0.875,False
40179,0.875,False
40182,0.000,False
40226,0.812,False
40233,0.875,False
40243,0.750,False
40260,0.250,False
40302,0.875,False
40318,0.312,False
40333,0.875,False
40341,0.875,False
40356,0.875,False
40370,0.875,False
40381,0.000,False
40382,0.812,False
40410,0.000,False
40416,0.875,False
40426,0.062,False
40459,0.000,False
40470,0.875,False
40523,0.250,False
40530,0.500,False
40532,0.875,False
40543,0.750,False
40565,0.500,False
40595,0.625,False
40598,0.812,False
40602,0.438,False
40607,0.312,False
40611,0.875,False
40616,0.062,False
40629,0.750,False
40639,0.062,False
40646,0.812,False
40647,0.750,False
40648,0.875,False
40661,0.062,False
40666,0.000,False
40669,0.875,False
40687,0.625,False
40703,0.875,False
40708,0.812,False
40725,0.875,False
40735,0.562,False
40738,0.812,False
40747,0.562,False
40749,0.875,False
40754,0.500,False
40756,0.812,False
40760,0.625,False
40761,0.500,False
40766,0.875,False
40773,0.812,False
40788,0.875,False
40789,0.875,False
40795,0.875,False
40810,0.500,False
40831,0.000,False
40843,0.000,False
40854,0.688,False
40879,0.812,False
40881,0.000,False
40895,0.875,False
40902,0.875,False
40906,0.688,False
40907,0.750,False
40913,0.000,False
40914,0.875,False
40917,0.750,False
40921,0.875,False
40925,0.312,False
40926,0.875,False
40937,0.875,False
40938,0.500,False
40939,0.188,False
40942,0.062,False
40961,0.625,False
40962,0.000,False
40966,0.750,False
40968,0.875,False
40981,0.812,False
40984,0.000,False
40998,0.875,False
41072,0.875,False
41075,0.750,False
41076,0.312,False
41090,0.875,False
41092,0.250,False
41104,0.750,False
41106,0.875,False
41112,0.812,False
41139,0.750,False
41197,0.375,False
41202,0.000,False
41211,0.750,False
41219,0.875,False
41232,0.750,False
41245,0.250,False
41256,0.188,False
41261,0.875,False
41267,0.688,False
41280,0.688,False
41287,0.812,False
41325,0.000,False
41349,0.750,False
41366,0.625,False
41392,0.688,False
41397,0.062,False
41439,0.812,False
41441,0.062,False
41448,0.875,False
41484,0.750,False
41487,0.875,False
41546,0.312,False
41549,0.625,False
41597,0.875,False
41609,0.750,False
41636,0.875,False
41645,0.750,False
41650,0.750,False
41651,0.812,False
41663,0.875,False
41680,0.250,False
41695,0.750,False
41711,0.875,False
41712,0.750,False
41731,0.875,False
41744,0.812,False
41763,0.688,False
41767,0.562,False
41777,0.750,False
41781,0.875,False
41784,0.562,False
41787,0.875,False
41788,0.562,False
41789,0.875,False
41790,0.750,False
41811,0.875,False
41812,0.812,False
41813,0.875,False
41826,0.875,False
41829,0.875,False
41837,0.062,False
41843,0.000,False
41881,0.812,False
41884,0.875,False
41918,0.062,False
41924,0.875,False
41934,0.250,False
41935,0.000,False
41943,0.875,False
41961,0.875,False
41971,0.875,False
41982,0.812,False
41983,0.312,False
41984,0.562,False
41986,0.062,False
41999,0.875,False
42023,0.625,False
42024,0.750,False
42040,0.125,False
42043,0.062,False
42047,0.875,False
42080,0.000,False
42082,0.875,False
42087,0.000,False
42127,0.875,False
42155,0.875,False
42164,0.250,False
42166,0.000,False
42173,0.750,False
42177,0.000,False
42182,0.875,False
42203,0.000,False
42204,0.875,False
42241,0.812,False
42253,0.625,False
42258,0.875,False
42259,0.000,False
42264,0.875,False
42271,0.000,False
42287,0.812,False
42290,0.500,False
42295,0.812,False
42299,0.000,False
42315,0.000,False
42316,0.375,False
42317,0.875,False
42330,0.875,False
42338,0.000,False
42345,0.500,False
42367,0.875,False
42397,0.875,False
42404,0.875,False
42413,0.875,False
42431,0.875,False
42435,0.250,False
42453,0.875,False
42473,0.750,False
42474,0.875,False
42475,0.875,False
42495,0.812,False
42538,0.625,False
42550,0.000,False
42554,0.562,False
42579,0.250,False
42588,0.500,False
42594,0.438,False
42610,0.000,False
42615,0.812,False
42623,0.875,False
42633,0.875,False
42637,0.500,False
42638,0.875,False
42642,0.875,False
42643,0.062,False
42645,0.125,False
42648,0.750,False
42655,0.312,False
42656,0.875,False
42689,0.500,False
42704,0.750,False
42709,0.000,False
42722,0.812,False
42728,0.562,False
42734,0.875,False
42737,0.000,False
42738,0.688,False
42742,0.812,False
42748,0.375,False
42756,0.125,False
42798,0.125,False
42803,0.875,False
42847,0.625,False
42856,0.875,False
42858,0.812,False
42906,0.000,False
42910,0.500,False
42921,0.188,False
42934,0.625,False
42936,0.688,False
42938,0.438,False
42939,0.875,False
42945,0.625,False
42948,0.875,False
42967,0.188,False
42969,0.812,False
42975,0.375,False
42981,0.812,False
42999,0.375,False
43004,0.875,False
43007,0.750,False
43012,0.250,False
43017,0.125,False
43032,0.000,False
43078,0.062,False
43105,0.688,False
43113,0.750,False
43115,0.875,False
43122,0.875,False
43138,0.750,False
43147,0.000,False
43159,0.000,False
43161,0.812,False
43162,0.812,False
43183,0.812,False
43195,0.875,False
43202,0.875,False
43221,0.875,False
43252,0.875,False
43386,0.750,False
43399,0.875,False
43417,0.875,False
43429,0.000,False
43433,0.000,False
43446,0.875,False
43480,0.875,False
43490,0.875,False
43495,0.000,False
43548,0.875,False
43558,0.750,False
43583,0.875,False
43592,0.875,False
43598,0.812,False
43637,0.875,False
43661,0.688,False
43675,0.875,False
43774,0.000,False
43794,0.688,False
43795,0.875,False
43797,0.812,False
43810,0.000,False
43851,0.750,False
43865,0.875,False
43889,0.000,False
43892,0.812,False
43914,0.000,False
43918,0.188,False
43956,0.000,False
43959,0.000,False
43966,0.812,False
43967,0.625,False
43969,0.812,False
43974,0.625,False
43975,0.000,False
43987,0.500,False
43989,0.125,False
44046,0.875,False
44050,0.000,False
44063,0.875,False
44065,0.812,False
44069,0.125,False
44083,0.000,False
44097,0.000,False
44106,0.000,False
44123,0.875,False
44176,0.875,False
44182,0.000,False
44185,0.750,False
44201,0.875,False
44233,0.875,False
44236,0.750,False
44253,0.812,False
44284,0.812,False
44292,0.438,False
44331,0.875,False
44337,0.000,False
44362,0.875,False
44382,0.750,False
44387,0.875,False
44407,0.812,False
44420,0.875,False
44428,0.875,False
44439,0.875,False
44528,0.750,False
44529,0.875,False
44533,0.625,False
44553,0.688,False
44556,0.250,False
44586,0.875,False
44623,0.000,False
44660,0.875,False
44670,0.000,False
44672,0.000,False
44679,0.625,False
44687,0.500,False
44693,0.875,False
44714,0.625,False
44723,0.812,False
44748,0.750,False
44752,0.188,False
44753,0.812,False
44755,0.750,False
44756,0.062,False
44761,0.750,False
44767,0.875,False
44774,0.875,False
44780,0.062,False
44782,0.875,False
44787,0.812,False
44793,0.125,False
44802,0.875,False
44812,0.875,False
44832,0.875,False
44836,0.562,False
44844,0.000,False
44846,0.875,False
44891,0.000,False
44900,0.000,False
44903,0.875,False
45008,0.750,False
45013,0.812,False
45020,0.750,False
45025,0.000,False
45039,0.250,False
45056,0.875,False
45065,0.875,False
45066,0.000,False
45067,0.812,False
45112,0.875,False
45116,0.875,False
45124,0.750,False
45131,0.875,False
45135,0.688,False
45141,0.812,False
45159,0.812,False
45175,0.000,False
45194,0.188,False
45201,0.812,False
45216,0.688,False
45217,0.188,False
45218,0.625,False
45220,0.250,False
45225,0.875,False
45226,0.875,False
45228,0.750,False
45229,0.312,False
45231,0.875,False
45237,0.438,False
45238,0.062,False
45239,0.500,False
45243,0.000,False
45245,0.875,False
45248,0.250,False
45259,0.250,False
45264,0.875,False
45270,0.188,False
45272,0.188,False
45277,0.000,False
45282,0.000,False
45290,0.750,False
45303,0.125,False
45306,0.812,False
45319,0.438,False
45323,0.688,False
45326,0.875,False
45346,0.375,False
45355,0.625,False
45359,0.750,False
45375,0.562,False
45377,0.875,False
45412,0.875,False
45425,0.875,False
45428,0.875,False
45435,0.875,False
45438,0.875,False
45445,0.312,False
45447,0.000,False
45561,0.812,False
45565,0.875,False
45607,0.750,False
45613,0.875,False
45620,0.750,False
45624,0.875,False
45644,0.000,False
45710,0.000,False
45725,0.750,False
45729,0.000,False
45737,0.750,False
45742,0.688,False
45800,0.688,False
45802,0.625,False
45806,0.812,False
45807,0.875,False
45812,0.000,False
45815,0.188,False
45816,0.750,False
45817,0.188,False
45821,0.000,False
45822,0.500,False
45823,0.000,False
45828,0.812,False
45829,0.000,False
45830,0.875,False
45832,0.438,False
45835,0.875,False
45838,0.000,False
45845,0.000,False
45848,0.750,False
45858,0.000,False
45859,0.375,False
45860,0.000,False
45865,0.812,False
45871,0.875,False
45873,0.625,False
45885,0.500,False
45888,0.625,False
45921,0.000,False
45936,0.875,False
45946,0.562,False
45951,0.875,False
45980,0.500,False
45986,0.812,False
45994,0.875,False
46010,0.875,False
46018,0.375,False
46035,0.625,False
46064,0.875,False
46067,0.000,False
46080,0.812,False
46089,0.000,False
46091,0.812,False
46096,0.000,False
46117,0.875,False
46118,0.438,False
46122,0.875,False
46133,0.188,False
46165,0.000,False
46187,0.250,False
46311,0.000,False
46315,0.750,False
46377,0.812,False
46448,0.312,False
46504,0.000,False
46537,0.000,False
46559,0.500,False
46602,0.875,False
46810,0.875,False
46820,0.750,False
46851,0.250,False
46860,0.688,False
46870,0.000,False
46883,0.875,False
46884,0.875,False
46885,0.625,False
46894,0.688,False
46907,0.688,False
46931,0.875,False
47019,0.000,False
47039,0.750,False
47118,0.000,False
47140,0.188,False
47154,0.000,False
47207,0.312,False
47220,0.750,False
47234,0.812,False
47241,0.312,False
47259,0.750,False
47276,0.000,False
47280,0.875,False
47300,0.750,False
47305,0.875,False
47378,0.875,False
47401,0.375,False
47412,0.312,False
47433,0.812,False
47434,0.250,False
47442,0.750,False
47447,0.438,False
47527,0.688,False
47532,0.812,False
47556,0.812,False
47569,0.562,False
47577,0.250,False
47644,0.875,False
47663,0.875,False
47670,0.625,False
47681,0.000,False
47708,0.062,False
47744,0.875,False
47764,0.750,False
47791,0.875,False
47829,0.750,False
47842,0.812,False
47855,0.750,False
47859,0.000,False
47866,0.875,False
47881,0.812,False
47909,0.125,False
47916,0.875,False
47931,0.750,False
47932,0.625,False
47939,0.812,False
47945,0.875,False
47948,0.875,False
47950,0.750,False
47973,0.125,False
48000,0.875,False
48066,0.000,False
48071,0.875,False
48089,0.000,False
48122,0.812,False
48183,0.500,False
48193,0.000,False
48301,0.375,False
48307,0.688,False
48311,0.688,False
48318,0.312,False
48319,0.188,False
48329,0.875,False
48337,0.875,False
48342,0.062,False
48346,0.688,False
48349,0.875,False
48364,0.250,False
48365,0.875,False
48372,0.812,False
48412,0.500,False
48430,0.500,False
48464,0.875,False
48505,0.750,False
48522,0.625,False
48599,0.062,False
48604,0.875,False
48645,0.750,False
48650,0.875,False
48663,0.250,False
48677,0.562,False
48699,0.812,False
48729,0.438,False
48758,0.812,False
48776,0.125,False
48789,0.875,False
48798,0.875,False
48844,0.875,False
48849,0.625,False
48854,0.875,False
48862,0.562,False
48866,0.562,False
48875,0.875,False
48878,0.188,False
48889,0.812,False
48892,0.875,False
48903,0.750,False
48933,0.625,False
48944,0.000,False
48960,0.875,False
48963,0.875,False
48986,0.562,False
48993,0.875,False
48997,0.875,False
49001,0.750,False
49004,0.875,False
49028,0.875,False
49043,0.875,False
49049,0.875,False
49056,0.875,False
49057,0.812,False
49064,0.875,False
49070,0.438,False
49074,0.875,False
49083,0.875,False
49084,0.500,False
49090,0.812,False
49094,0.875,False
49102,0.812,False
49114,0.812,False
49163,0.875,False
49170,0.500,False
49174,0.750,False
49187,0.750,False
49203,0.500,False
49207,0.812,False
49225,0.875,False
49281,0.562,False
49285,0.875,False
49333,0.000,False
49369,0.312,False
49382,0.250,False
49390,0.125,False
49415,0.750,False
49511,0.812,False
49518,0.688,False
49558,0.812,False
49587,0.062,False
49602,0.750,False
49607,0.750,False
49634,0.875,False
49643,0.688,False
49671,0.250,False
49710,0.000,False
49741,0.312,False
49749,0.688,False
49755,0.750,False
49757,0.500,False
49767,0.750,False
49769,0.062,False
49789,0.750,False
49803,0.812,False
49844,0.750,False
49855,0.875,False
49858,0.812,False
49877,0.875,False
49888,0.688,False
49892,0.750,False
49897,0.875,False
49899,0.625,False
49900,0.875,False
49902,0.000,False
49913,0.750,False
49917,0.375,False
49931,0.875,False
49933,0.000,False
49939,0.750,False
49976,0.812,False
19,0.875,False
23,0.750,False
55,0.875,False
73,0.688,False
89,0.875,False
99,0.812,False
100,0.750,False
108,0.812,False
113,0.875,False
115,0.062,False
117,0.875,False
119,0.875,False
122,0.688,False
134,0.750,False
137,0.875,False
147,0.875,False
150,0.812,False
158,0.688,False
159,0.875,False
164,0.812,False
167,0.875,False
169,0.062,False
173,0.312,False
176,0.000,False
193,0.000,False
201,0.875,False
211,0.750,False
213,0.875,False
214,0.875,False
218,0.875,False
223,0.875,False
224,0.625,False
236,0.875,False
240,0.125,False
246,0.875,False
263,0.875,False
276,0.750,False
278,0.875,False
287,0.000,False
292,0.812,False
293,0.812,False
298,0.875,False
307,0.312,False
311,0.875,False
330,0.750,False
0,0.188,False
1,0.125,False
2,0.500,False
3,0.562,False
4,0.188,False
5,0.375,False
6,0.125,False
7,0.312,False
8,0.250,False
9,0.125,False
10,0.375,False
11,0.062,False
12,0.250,False
13,0.062,False
14,0.250,False
15,0.125,False
16,0.062,False
17,0.000,False
18,0.312,False
19,0.188,False
20,0.250,False
21,0.062,False
22,0.062,False
23,0.250,False
24,0.250,False
25,0.125,False
26,0.250,False
27,0.188,False
28,0.125,False
29,0.188,False
30,0.062,False
31,0.188,False
32,0.250,False
33,0.062,False
34,0.125,False
35,0.125,False
36,0.250,False
37,0.125,False
38,0.250,False
39,0.062,False
40,0.250,False
41,0.250,False
42,0.312,False
43,0.188,False
44,0.125,False
45,0.312,False
46,0.250,False
47,0.250,False
48,0.125,False
49,0.188,False
50,0.250,False
51,0.188,False
52,0.062,False
53,0.312,False
54,0.062,False
55,0.125,False
56,0.312,False
57,0.188,False
58,0.125,False
59,0.125,False
60,0.250,False
61,0.188,False
62,0.438,False
63,0.062,False
64,0.125,False
65,0.312,False
66,0.250,False
67,0.375,False
68,0.250,False
69,0.062,False
70,0.500,False
71,0.250,False
72,0.188,False
73,0.188,False
74,0.250,False
75,0.125,False
76,0.312,False
77,0.125,False
78,0.125,False
79,0.500,False
80,0.562,False
81,0.250,False
82,0.312,False
83,0.125,False
84,0.188,False
85,0.125,False
86,0.188,False
87,0.125,False
88,0.375,False
89,0.000,False
90,0.188,False
91,0.250,False
92,0.125,False
93,0.250,False
94,0.062,False
95,0.375,False
96,0.000,False
97,0.000,False
98,0.250,False
99,0.312,False
100,0.000,False
101,0.000,False
102,0.125,False
103,0.375,False
104,0.062,False
105,0.250,False
106,0.375,False
107,0.250,False
108,0.062,False
109,0.250,False
110,0.188,False
111,0.125,False
112,0.312,False
113,0.188,False
114,0.375,False
115,0.188,False
116,0.375,False
117,0.188,False
118,0.250,False
119,0.250,False
120,0.000,False
121,0.250,False
122,0.188,False
123,0.438,False
124,0.312,False
125,0.250,False
126,0.312,False
127,0.125,False
128,0.188,False
129,0.125,False
130,0.000,False
131,0.062,False
132,0.188,False
133,0.062,False
134,0.250,False
135,0.062,False
136,0.250,False
137,0.188,False
138,0.500,False
139,0.062,False
140,0.000,False
141,0.312,False
142,0.250,False
143,0.250,False
144,0.188,False
145,0.250,False
146,0.250,False
147,0.500,False
148,0.062,False
149,0.312,False
150,0.000,False
151,0.375,False
152,0.438,False
153,0.312,False
154,0.125,False
155,0.375,False
156,0.062,False
157,0.188,False
158,0.312,False
159,0.438,False
160,0.375,False
161,0.250,False
162,0.312,False
163,0.188,False
164,0.188,False
165,0.375,False
166,0.062,False
167,0.188,False
168,0.125,False
169,0.438,False
170,0.188,False
171,0.188,False
172,0.188,False
173,0.312,False
174,0.375,False
175,0.125,False
176,0.125,False
177,0.188,False
178,0.250,False
179,0.375,False
180,0.188,False
181,0.062,False
182,0.312,False
183,0.125,False
184,0.500,False
185,0.250,False
186,0.562,False
187,0.000,False
188,0.188,False
189,0.125,False
190,0.312,False
191,0.250,False
192,0.312,False
193,0.188,False
194,0.250,False
195,0.188,False
196,0.188,False
197,0.125,False
198,0.375,False
199,0.250,False
200,0.125,False
201,0.000,False
202,0.250,False
203,0.062,False
204,0.125,False
205,0.562,False
206,0.000,False
207,0.500,False
208,0.375,False
209,0.188,False
210,0.312,False
211,0.250,False
212,0.250,False
213,0.250,False
214,0.188,False
215,0.000,False
216,0.188,False
217,0.188,False
218,0.188,False
219,0.062,False
220,0.375,False
221,0.250,False
222,0.125,False
223,0.375,False
224,0.250,False
225,0.250,False
226,0.062,False
227,0.188,False
228,0.375,False
229,0.312,False
230,0.312,False
231,0.188,False
232,0.312,False
233,0.125,False
234,0.188,False
235,0.125,False
236,0.250,False
237,0.188,False
238,0.375,False
239,0.125,False
240,0.125,False
241,0.312,False
242,0.188,False
243,0.188,False
244,0.312,False
245,0.188,False
246,0.188,False
247,0.312,False
248,0.250,False
249,0.125,False
250,0.062,False
251,0.250,False
252,0.062,False
253,0.375,False
254,0.312,False
255,0.000,False
256,0.250,False
257,0.250,False
258,0.250,False
259,0.062,False
260,0.312,False
261,0.250,False
262,0.375,False
263,0.188,False
264,0.188,False
265,0.188,False
266,0.250,False
267,0.250,False
268,0.250,False
269,0.250,False
270,0.125,False
271,0.188,False
272,0.125,False
273,0.438,False
274,0.188,False
275,0.188,False
276,0.188,False
277,0.188,False
278,0.250,False
279,0.312,False
280,0.250,False
281,0.375,False
282,0.250,False
283,0.188,False
284,0.125,False
285,0.250,False
286,0.250,False
287,0.000,False
288,0.188,False
289,0.375,False
290,0.438,False
291,0.188,False
292,0.125,False
293,0.250,False
294,0.250,False
295,0.125,False
296,0.438,False
297,0.000,False
298,0.188,False
299,0.125,False
300,0.250,False
301,0.312,False
302,0.312,False
303,0.188,False
304,0.312,False
305,0.250,False
306,0.438,False
307,0.125,False
308,0.000,False
309,0.062,False
310,0.375,False
311,0.125,False
312,0.125,False
313,0.250,False
314,0.062,False
315,0.250,False
316,0.125,False
317,0.250,False
318,0.500,False
319,0.188,False
320,0.250,False
321,0.625,False
322,0.125,False
323,0.250,False
324,0.250,False
325,0.312,False
326,0.250,False
327,0.188,False
328,0.062,False
329,0.312,False
330,0.188,False
331,0.438,False
332,0.375,False
333,0.312,False
334,0.062,False
335,0.375,False
336,0.125,False
337,0.000,False
338,0.125,False
339,0.500,False
340,0.062,False
341,0.438,False
342,0.062,False
343,0.125,False
344,0.312,False
345,0.438,False
346,0.438,False
347,0.438,False
348,0.188,False
349,0.125,False
350,0.188,False
351,0.250,False
352,0.250,False
353,0.188,False
354,0.188,False
355,0.312,False
356,0.062,False
357,0.188,False
358,0.062,False
359,0.250,False
360,0.062,False
361,0.062,False
362,0.250,False
363,0.312,False
364,0.125,False
365,0.375,False
366,0.125,False
367,0.125,False
368,0.188,False
369,0.062,False
370,0.250,False
371,0.250,False
372,0.125,False
373,0.438,False
374,0.188,False
375,0.188,False
376,0.250,False
377,0.375,False
378,0.125,False
379,0.062,False
380,0.125,False
381,0.250,False
382,0.312,False
383,0.188,False
384,0.500,False
385,0.312,False
386,0.188,False
387,0.438,False
388,0.438,False
389,0.375,False
390,0.250,False
391,0.250,False
392,0.125,False
393,0.062,False
394,0.438,False
395,0.250,False
396,0.188,False
397,0.125,False
398,0.125,False
399,0.000,False
400,0.250,False
401,0.125,False
402,0.188,False
403,0.125,False
404,0.062,False
405,0.312,False
406,0.188,False
407,0.250,False
408,0.188,False
409,0.125,False
410,0.062,False
411,0.312,False
412,0.250,False
413,0.188,False
414,0.188,False
415,0.312,False
416,0.062,False
417,0.250,False
418,0.188,False
419,0.250,False
420,0.188,False
421,0.125,False
422,0.000,False
423,0.000,False
424,0.312,False
425,0.188,False
426,0.062,False
427,0.312,False
428,0.375,False
429,0.188,False
430,0.250,False
431,0.250,False
432,0.125,False
433,0.188,False
434,0.438,False
435,0.062,False
436,0.438,False
437,0.125,False
438,0.125,False
439,0.125,False
440,0.125,False
441,0.125,False
442,0.188,False
443,0.188,False
444,0.125,False
445,0.188,False
446,0.125,False
447,0.125,False
448,0.312,False
449,0.312,False
450,0.062,False
451,0.125,False
452,0.438,False
453,0.125,False
454,0.125,False
455,0.312,False
456,0.125,False
457,0.250,False
458,0.312,False
459,0.375,False
460,0.250,False
461,0.000,False
462,0.312,False
463,0.125,False
464,0.125,False
465,0.000,False
466,0.188,False
467,0.188,False
468,0.125,False
469,0.062,False
470,0.312,False
471,0.062,False
472,0.250,False
473,0.250,False
474,0.250,False
475,0.062,False
476,0.188,False
477,0.250,False
478,0.062,False
479,0.125,False
480,0.062,False
481,0.125,False
482,0.188,False
483,0.188,False
484,0.312,False
485,0.125,False
486,0.062,False
487,0.312,False
488,0.000,False
489,0.188,False
490,0.188,False
491,0.125,False
492,0.312,False
493,0.188,False
494,0.375,False
495,0.188,False
496,0.125,False
497,0.125,False
498,0.188,False
499,0.188,False
500,0.188,False
501,0.250,False
502,0.188,False
503,0.375,False
504,0.125,False
505,0.250,False
506,0.188,False
507,0.062,False
508,0.062,False
509,0.375,False
510,0.188,False
511,0.250,False
512,0.188,False
513,0.125,False
514,0.125,False
515,0.125,False
516,0.125,False
517,0.312,False
518,0.312,False
519,0.188,False
520,0.250,False
521,0.188,False
522,0.500,False
523,0.188,False
524,0.250,False
525,0.312,False
526,0.312,False
527,0.125,False
528,0.000,False
529,0.312,False
530,0.125,False
531,0.000,False
532,0.250,False
533,0.188,False
534,0.438,False
535,0.125,False
536,0.125,False
537,0.250,False
538,0.250,False
539,0.125,False
540,0.188,False
541,0.250,False
542,0.188,False
543,0.312,False
544,0.312,False
545,0.250,False
546,0.250,False
547,0.125,False
548,0.312,False
549,0.188,False
550,0.438,False
551,0.375,False
552,0.188,False
553,0.062,False
554,0.125,False
555,0.188,False
556,0.312,False
557,0.312,False
558,0.125,False
559,0.250,False
560,0.000,False
561,0.125,False
562,0.125,False
563,0.188,False
564,0.312,False
565,0.562,False
566,0.250,False
567,0.375,False
568,0.188,False
569,0.250,False
570,0.438,False
571,0.062,False
572,0.188,False
573,0.062,False
574,0.125,False
575,0.500,False
576,0.125,False
577,0.250,False
578,0.312,False
579,0.375,False
580,0.250,False
581,0.062,False
582,0.312,False
583,0.250,False
584,0.188,False
585,0.188,False
586,0.188,False
587,0.188,False
588,0.250,False
589,0.000,False
590,0.188,False
591,0.000,False
592,0.250,False
593,0.188,False
594,0.188,False
595,0.312,False
596,0.125,False
597,0.438,False
598,0.312,False
599,0.312,False
600,0.500,False
601,0.188,False
602,0.188,False
603,0.188,False
604,0.312,False
605,0.062,False
606,0.188,False
607,0.125,False
608,0.312,False
609,0.188,False
610,0.312,False
611,0.188,False
612,0.062,False
613,0.312,False
614,0.312,False
615,0.250,False
616,0.438,False
617,0.250,False
618,0.312,False
619,0.438,False
620,0.250,False
621,0.438,False
622,0.062,False
623,0.125,False
624,0.500,False
625,0.188,False
626,0.250,False
627,0.125,False
628,0.062,False
629,0.562,False
630,0.312,False
631,0.250,False
632,0.125,False
633,0.188,False
634,0.250,False
635,0.438,False
636,0.250,False
637,0.125,False
638,0.000,False
639,0.250,False
640,0.062,False
641,0.188,False
642,0.125,False
643,0.062,False
644,0.125,False
645,0.125,False
646,0.312,False
647,0.500,False
648,0.062,False
649,0.000,False
650,0.438,False
651,0.125,False
652,0.188,False
653,0.062,False
654,0.188,False
655,0.375,False
656,0.188,False
657,0.250,False
658,0.062,False
659,0.188,False
660,0.250,False
661,0.062,False
662,0.188,False
663,0.250,False
664,0.188,False
665,0.125,False
666,0.438,False
667,0.125,False
668,0.188,False
669,0.188,False
670,0.312,False
671,0.188,False
672,0.125,False
673,0.188,False
674,0.250,False
675,0.250,False
676,0.250,False
677,0.188,False
678,0.312,False
679,0.188,False
680,0.125,False
681,0.312,False
682,0.000,False
683,0.125,False
684,0.125,False
685,0.188,False
686,0.375,False
687,0.500,False
688,0.188,False
689,0.188,False
690,0.188,False
691,0.250,False
692,0.125,False
693,0.125,False
694,0.250,False
695,0.188,False
696,0.062,False
697,0.312,False
698,0.188,False
699,0.312,False
700,0.188,False
701,0.250,False
702,0.188,False
703,0.312,False
704,0.375,False
705,0.250,False
706,0.125,False
707,0.312,False
708,0.250,False
709,0.312,False
710,0.125,False
711,0.312,False
712,0.375,False
713,0.188,False
714,0.000,False
715,0.250,False
716,0.125,False
717,0.125,False
718,0.188,False
719,0.062,False
720,0.312,False
721,0.062,False
722,0.062,False
723,0.250,False
724,0.250,False
725,0.125,False
726,0.188,False
727,0.062,False
728,0.250,False
729,0.000,False
730,0.312,False
731,0.250,False
732,0.312,False
733,0.250,False
734,0.188,False
735,0.188,False
736,0.188,False
737,0.375,False
738,0.125,False
739,0.125,False
740,0.125,False
741,0.250,False
742,0.125,False
743,0.250,False
744,0.062,False
745,0.312,False
746,0.188,False
747,0.188,False
748,0.188,False
749,0.188,False
750,0.188,False
751,0.188,False
752,0.250,False
753,0.125,False
754,0.125,False
755,0.062,False
756,0.125,False
757,0.375,False
758,0.125,False
759,0.188,False
760,0.250,False
761,0.062,False
762,0.125,False
763,0.188,False
764,0.125,False
765,0.375,False
766,0.312,False
767,0.312,False
768,0.188,False
769,0.062,False
770,0.312,False
771,0.188,False
772,0.375,False
773,0.375,False
774,0.125,False
775,0.125,False
776,0.062,False
777,0.500,False
778,0.125,False
779,0.188,False
780,0.000,False
781,0.000,False
782,0.125,False
783,0.312,False
784,0.188,False
785,0.312,False
786,0.250,False
787,0.250,False
788,0.312,False
789,0.188,False
790,0.125,False
791,0.250,False
792,0.250,False
793,0.438,False
794,0.188,False
795,0.375,False
796,0.312,False
797,0.312,False
798,0.125,False
799,0.125,False
800,0.188,False
801,0.188,False
802,0.250,False
803,0.375,False
804,0.250,False
805,0.125,False
806,0.375,False
807,0.312,False
808,0.188,False
809,0.312,False
810,0.125,False
811,0.375,False
812,0.250,False
813,0.125,False
814,0.000,False
815,0.438,False
816,0.188,False
817,0.125,False
818,0.125,False
819,0.250,False
820,0.375,False
821,0.000,False
822,0.250,False
823,0.375,False
824,0.250,False
825,0.250,False
826,0.125,False
827,0.125,False
828,0.125,False
829,0.062,False
830,0.438,False
831,0.062,False
832,0.250,False
833,0.062,False
834,0.188,False
835,0.438,False
836,0.188,False
837,0.375,False
838,0.188,False
839,0.125,False
840,0.250,False
841,0.125,False
842,0.312,False
843,0.250,False
844,0.188,False
845,0.188,False
846,0.250,False
847,0.188,False
848,0.312,False
849,0.125,False
850,0.125,False
851,0.188,False
852,0.375,False
853,0.125,False
854,0.312,False
855,0.125,False
856,0.188,False
857,0.250,False
858,0.062,False
859,0.375,False
860,0.062,False
861,0.188,False
862,0.312,False
863,0.312,False
864,0.062,False
865,0.438,False
866,0.562,False
867,0.250,False
868,0.250,False
869,0.375,False
870,0.312,False
871,0.125,False
872,0.125,False
873,0.312,False
874,0.375,False
875,0.250,False
876,0.125,False
877,0.188,False
878,0.250,False
879,0.125,False
880,0.188,False
881,0.250,False
882,0.062,False
883,0.125,False
884,0.375,False
885,0.000,False
886,0.312,False
887,0.250,False
888,0.312,False
889,0.125,False
890,0.188,False
891,0.062,False
892,0.250,False
893,0.125,False
894,0.188,False
895,0.188,False
896,0.438,False
897,0.188,False
898,0.188,False
899,0.188,False
900,0.125,False
901,0.438,False
902,0.125,False
903,0.062,False
904,0.312,False
905,0.250,False
906,0.188,False
907,0.125,False
908,0.062,False
909,0.062,False
910,0.188,False
911,0.188,False
912,0.062,False
913,0.250,False
914,0.500,False
915,0.188,False
916,0.062,False
917,0.312,False
918,0.188,False
919,0.188,False
920,0.000,False
921,0.250,False
922,0.125,False
923,0.188,False
924,0.625,False
925,0.125,False
926,0.312,False
927,0.375,False
928,0.188,False
929,0.188,False
930,0.438,False
931,0.438,False
932,0.312,False
933,0.125,False
934,0.312,False
935,0.125,False
936,0.250,False
937,0.000,False
938,0.312,False
939,0.250,False
940,0.125,False
941,0.312,False
942,0.125,False
943,0.312,False
944,0.250,False
945,0.125,False
946,0.312,False
947,0.375,False
948,0.125,False
949,0.250,False
950,0.188,False
951,0.250,False
952,0.250,False
953,0.125,False
954,0.188,False
955,0.125,False
956,0.188,False
957,0.188,False
958,0.188,False
959,0.250,False
960,0.375,False
961,0.125,False
962,0.125,False
963,0.250,False
964,0.188,False
965,0.188,False
966,0.188,False
967,0.062,False
968,0.250,False
969,0.062,False
970,0.062,False
971,0.312,False
972,0.250,False
973,0.062,False
974,0.188,False
975,0.062,False
976,0.312,False
977,0.125,False
978,0.062,False
979,0.562,False
980,0.000,False
981,0.250,False
982,0.438,False
983,0.188,False
984,0.188,False
985,0.125,False
986,0.125,False
987,0.062,False
988,0.250,False
989,0.125,False
990,0.250,False
991,0.062,False
992,0.188,False
993,0.188,False
994,0.500,False
995,0.188,False
996,0.188,False
997,0.125,False
998,0.375,False
999,0.188,False
1000,0.375,False
1001,0.188,False
1002,0.250,False
1003,0.312,False
1004,0.125,False
1005,0.250,False
1006,0.125,False
1007,0.250,False
1008,0.250,False
1009,0.250,False
1010,0.188,False
1011,0.188,False
1012,0.125,False
1013,0.125,False
1014,0.312,False
1015,0.188,False
1016,0.312,False
1017,0.125,False
1018,0.062,False
1019,0.375,False
1020,0.125,False
1021,0.312,False
1022,0.188,False
1023,0.500,False
1024,0.312,False
1025,0.500,False
1026,0.375,False
1027,0.062,False
1028,0.188,False
1029,0.188,False
1030,0.250,False
1031,0.062,False
1032,0.375,False
1033,0.125,False
1034,0.125,False
1035,0.312,False
1036,0.250,False
1037,0.125,False
1038,0.062,False
1039,0.188,False
1040,0.062,False
1041,0.062,False
1042,0.188,False
1043,0.250,False
1044,0.312,False
1045,0.062,False
1046,0.250,False
1047,0.375,False
1048,0.125,False
1049,0.312,False
1050,0.500,False
1051,0.125,False
1052,0.125,False
1053,0.188,False
1054,0.125,False
1055,0.062,False
1056,0.312,False
1057,0.375,False
1058,0.250,False
1059,0.125,False
1060,0.312,False
1061,0.188,False
1062,0.312,False
1063,0.062,False
1064,0.312,False
1065,0.312,False
1066,0.250,False
1067,0.188,False
1068,0.188,False
1069,0.188,False
1070,0.125,False
1071,0.062,False
1072,0.062,False
1073,0.062,False
1074,0.250,False
1075,0.125,False
1076,0.250,False
1077,0.500,False
1078,0.188,False
1079,0.375,False
1080,0.312,False
1081,0.125,False
1082,0.062,False
1083,0.312,False
1084,0.250,False
1085,0.312,False
1086,0.375,False
1087,0.438,False
1088,0.438,False
1089,0.062,False
1090,0.125,False
1091,0.250,False
1092,0.250,False
1093,0.125,False
1094,0.250,False
1095,0.188,False
1096,0.000,False
1097,0.375,False
1098,0.375,False
1099,0.250,False
1100,0.250,False
1101,0.188,False
1102,0.188,False
1103,0.312,False
1104,0.125,False
1105,0.812,False
1106,0.250,False
1107,0.188,False
1108,0.188,False
1109,0.125,False
1110,0.188,False
1111,0.188,False
1112,0.375,False
1113,0.562,False
1114,0.438,False
1115,0.062,False
1116,0.438,False
1117,0.188,False
1118,0.062,False
1119,0.125,False
1120,0.125,False
1121,0.312,False
1122,0.188,False
1123,0.188,False
1124,0.250,False
1125,0.125,False
1126,0.375,False
1127,0.188,False
1128,0.062,False
1129,0.312,False
1130,0.250,False
1131,0.250,False
1132,0.000,False
1133,0.438,False
1134,0.062,False
1135,0.250,False
1136,0.062,False
1137,0.000,False
1138,0.188,False
1139,0.188,False
1140,0.188,False
1141,0.125,False
1142,0.250,False
1143,0.250,False
1144,0.188,False
1145,0.125,False
1146,0.375,False
1147,0.375,False
1148,0.188,False
1149,0.250,False
1150,0.562,False
1151,0.188,False
1152,0.250,False
1153,0.500,False
1154,0.125,False
1155,0.188,False
1156,0.250,False
1157,0.188,False
1158,0.188,False
1159,0.250,False
1160,0.312,False
1161,0.062,False
1162,0.375,False
1163,0.375,False
1164,0.125,False
1165,0.250,False
1166,0.125,False
1167,0.312,False
1168,0.312,False
1169,0.500,False
1170,0.125,False
1171,0.188,False
1172,0.312,False
1173,0.125,False
1174,0.125,False
1175,0.188,False
1176,0.312,False
1177,0.312,False
1178,0.375,False
1179,0.438,False
1180,0.250,False
1181,0.062,False
1182,0.125,False
1183,0.438,False
1184,0.062,False
1185,0.375,False
1186,0.438,False
1187,0.375,False
1188,0.625,False
1189,0.250,False
1190,0.188,False
1191,0.250,False
1192,0.125,False
1193,0.312,False
1194,0.188,False
1195,0.125,False
1196,0.250,False
1197,0.375,False
1198,0.188,False
1199,0.250,False
1200,0.250,False
1201,0.062,False
1202,0.250,False
1203,0.312,False
1204,0.250,False
1205,0.250,False
1206,0.188,False
1207,0.188,False
1208,0.188,False
1209,0.375,False
1210,0.312,False
1211,0.375,False
1212,0.312,False
1213,0.250,False
1214,0.250,False
1215,0.500,False
1216,0.062,False
1217,0.000,False
1218,0.312,False
1219,0.188,False
1220,0.125,False
1221,0.188,False
1222,0.188,False
1223,0.062,False
1224,0.188,False
1225,0.250,False
1226,0.062,False
1227,0.000,False
1228,0.188,False
1229,0.438,False
1230,0.188,False
1231,0.250,False
1232,0.125,False
1233,0.125,False
1234,0.062,False
1235,0.125,False
1236,0.250,False
1237,0.312,False
1238,0.250,False
1239,0.188,False
1240,0.250,False
1241,0.188,False
1242,0.250,False
1243,0.188,False
1244,0.188,False
1245,0.188,False
1246,0.250,False
1247,0.250,False
1248,0.000,False
1249,0.062,False
1250,0.188,False
1251,0.125,False
1252,0.188,False
1253,0.375,False
1254,0.125,False
1255,0.125,False
1256,0.062,False
1257,0.250,False
1258,0.375,False
1259,0.250,False
1260,0.312,False
1261,0.062,False
1262,0.312,False
1263,0.062,False
1264,0.312,False
1265,0.250,False
1266,0.062,False
1267,0.188,False
1268,0.250,False
1269,0.250,False
1270,0.375,False
1271,0.250,False
1272,0.375,False
1273,0.500,False
1274,0.125,False
1275,0.062,False
1276,0.250,False
1277,0.125,False
1278,0.250,False
1279,0.312,False
1280,0.062,False
1281,0.250,False
1282,0.062,False
1283,0.250,False
1284,0.062,False
1285,0.250,False
1286,0.188,False
1287,0.500,False
1288,0.438,False
1289,0.375,False
1290,0.312,False
1291,0.062,False
1292,0.438,False
1293,0.188,False
1294,0.312,False
1295,0.125,False
1296,0.250,False
1297,0.125,False
1298,0.125,False
1299,0.375,False
1300,0.000,False
1301,0.500,False
1302,0.375,False
1303,0.125,False
1304,0.125,False
1305,0.188,False
1306,0.062,False
1307,0.188,False
1308,0.250,False
1309,0.375,False
1310,0.375,False
1311,0.250,False
1312,0.188,False
1313,0.125,False
1314,0.062,False
1315,0.312,False
1316,0.062,False
1317,0.625,False
1318,0.188,False
1319,0.000,False
1320,0.375,False
1321,0.062,False
1322,0.312,False
1323,0.312,False
1324,0.188,False
1325,0.250,False
1326,0.250,False
1327,0.188,False
1328,0.125,False
1329,0.250,False
1330,0.312,False
1331,0.188,False
1332,0.125,False
1333,0.188,False
1334,0.625,False
1335,0.375,False
1336,0.312,False
1337,0.250,False
1338,0.375,False
1339,0.250,False
1340,0.250,False
1341,0.312,False
1342,0.188,False
1343,0.188,False
1344,0.062,False
1345,0.125,False
1346,0.125,False
1347,0.188,False
1348,0.188,False
1349,0.062,False
1350,0.188,False
1351,0.062,False
1352,0.500,False
1353,0.125,False
1354,0.188,False
1355,0.438,False
1356,0.312,False
1357,0.250,False
1358,0.312,False
1359,0.125,False
1360,0.375,False
1361,0.125,False
1362,0.312,False
1363,0.000,False
1364,0.000,False
1365,0.250,False
1366,0.188,False
1367,0.250,False
1368,0.312,False
1369,0.188,False
1370,0.250,False
1371,0.188,False
1372,0.250,False
1373,0.312,False
1374,0.125,False
1375,0.188,False
1376,0.312,False
1377,0.000,False
1378,0.250,False
1379,0.250,False
1380,0.000,False
1381,0.188,False
1382,0.125,False
1383,0.250,False
1384,0.312,False
1385,0.250,False
1386,0.250,False
1387,0.000,False
1388,0.062,False
1389,0.250,False
1390,0.125,False
1391,0.188,False
1392,0.125,False
1393,0.188,False
1394,0.312,False
1395,0.125,False
1396,0.312,False
1397,0.250,False
1398,0.438,False
1399,0.188,False
1400,0.062,False
1401,0.312,False
1402,0.375,False
1403,0.125,False
1404,0.438,False
1405,0.000,False
1406,0.250,False
1407,0.312,False
1408,0.312,False
1409,0.250,False
1410,0.375,False
1411,0.062,False
1412,0.188,False
1413,0.250,False
1414,0.188,False
1415,0.188,False
1416,0.188,False
1417,0.250,False
1418,0.062,False
1419,0.250,False
1420,0.125,False
1421,0.125,False
1422,0.250,False
1423,0.188,False
1424,0.438,False
1425,0.125,False
1426,0.188,False
1427,0.188,False
1428,0.125,False
1429,0.625,False
1430,0.438,False
1431,0.500,False
1432,0.438,False
1433,0.250,False
1434,0.500,False
1435,0.000,False
1436,0.250,False
1437,0.625,False
1438,0.125,False
1439,0.125,False
1440,0.188,False
1441,0.250,False
1442,0.188,False
1443,0.188,False
1444,0.188,False
1445,0.500,False
1446,0.000,False
1447,0.125,False
1448,0.188,False
1449,0.062,False
1450,0.250,False
1451,0.438,False
1452,0.250,False
1453,0.438,False
1454,0.125,False
1455,0.062,False
1456,0.188,False
1457,0.250,False
1458,0.125,False
1459,0.312,False
1460,0.125,False
1461,0.188,False
1462,0.125,False
1463,0.312,False
1464,0.312,False
1465,0.250,False
1466,0.062,False
1467,0.250,False
1468,0.250,False
1469,0.312,False
1470,0.250,False
1471,0.312,False
1472,0.250,False
1473,0.188,False
1474,0.062,False
1475,0.312,False
1476,0.188,False
1477,0.125,False
1478,0.312,False
1479,0.188,False
1480,0.250,False
1481,0.312,False
1482,0.188,False
1483,0.125,False
1484,0.062,False
1485,0.188,False
1486,0.188,False
1487,0.375,False
1488,0.188,False
1489,0.250,False
1490,0.250,False
1491,0.438,False
1492,0.188,False
1493,0.250,False
1494,0.250,False
1495,0.125,False
1496,0.062,False
1497,0.312,False
1498,0.375,False
1499,0.375,False
1500,0.188,False
1501,0.000,False
1502,0.250,False
1503,0.062,False
1504,0.125,False
1505,0.250,False
1506,0.250,False
1507,0.375,False
1508,0.062,False
1509,0.062,False
1510,0.188,False
1511,0.312,False
1512,0.062,False
1513,0.250,False
1514,0.188,False
1515,0.375,False
1516,0.188,False
1517,0.125,False
1518,0.062,False
1519,0.062,False
1520,0.125,False
1521,0.312,False
1522,0.125,False
1523,0.500,False
1524,0.250,False
1525,0.188,False
1526,0.062,False
1527,0.375,False
1528,0.188,False
1529,0.312,False
1530,0.062,False
1531,0.125,False
1532,0.188,False
1533,0.000,False
1534,0.062,False
1535,0.250,False
1536,0.188,False
1537,0.125,False
1538,0.188,False
1539,0.250,False
1540,0.188,False
1541,0.188,False
1542,0.125,False
1543,0.250,False
1544,0.438,False
1545,0.250,False
1546,0.188,False
1547,0.062,False
1548,0.312,False
1549,0.062,False
1550,0.188,False
1551,0.312,False
1552,0.125,False
1553,0.125,False
1554,0.125,False
1555,0.125,False
1556,0.125,False
1557,0.312,False
1558,0.250,False
1559,0.125,False
1560,0.312,False
1561,0.250,False
1562,0.250,False
1563,0.188,False
1564,0.062,False
1565,0.312,False
1566,0.125,False
1567,0.062,False
1568,0.188,False
1569,0.500,False
1570,0.250,False
1571,0.250,False
1572,0.312,False
1573,0.188,False
1574,0.250,False
1575,0.250,False
1576,0.125,False
1577,0.125,False
1578,0.125,False
1579,0.188,False
1580,0.312,False
1581,0.312,False
1582,0.125,False
1583,0.312,False
1584,0.062,False
1585,0.438,False
1586,0.250,False
1587,0.438,False
1588,0.250,False
1589,0.062,False
1590,0.250,False
1591,0.250,False
1592,0.188,False
1593,0.188,False
1594,0.375,False
1595,0.438,False
1596,0.062,False
1597,0.188,False
1598,0.312,False
1599,0.125,False
1600,0.188,False
1601,0.125,False
1602,0.125,False
1603,0.375,False
1604,0.188,False
1605,0.188,False
1606,0.188,False
1607,0.438,False
1608,0.125,False
1609,0.250,False
1610,0.125,False
1611,0.125,False
1612,0.250,False
1613,0.125,False
1614,0.375,False
1615,0.062,False
1616,0.188,False
1617,0.250,False
1618,0.188,False
1619,0.125,False
1620,0.125,False
1621,0.312,False
1622,0.125,False
1623,0.188,False
1624,0.250,False
1625,0.062,False
1626,0.125,False
1627,0.062,False
1628,0.062,False
1629,0.125,False
1630,0.250,False
1631,0.188,False
1632,0.125,False
1633,0.188,False
1634,0.500,False
1635,0.125,False
1636,0.125,False
1637,0.250,False
1638,0.062,False
1639,0.375,False
1640,0.062,False
1641,0.188,False
1642,0.312,False
1643,0.250,False
1644,0.188,False
1645,0.375,False
1646,0.188,False
1647,0.375,False
1648,0.312,False
1649,0.438,False
1650,0.062,False
1651,0.250,False
1652,0.125,False
1653,0.312,False
1654,0.188,False
1655,0.062,False
1656,0.250,False
1657,0.562,False
1658,0.375,False
1659,0.125,False
1660,0.188,False
1661,0.375,False
1662,0.438,False
1663,0.188,False
1664,0.125,False
1665,0.250,False
1666,0.125,False
1667,0.062,False
1668,0.062,False
1669,0.375,False
1670,0.250,False
1671,0.125,False
1672,0.188,False
1673,0.062,False
1674,0.188,False
1675,0.438,False
1676,0.125,False
1677,0.375,False
1678,0.062,False
1679,0.062,False
1680,0.062,False
1681,0.062,False
1682,0.000,False
1683,0.062,False
1684,0.312,False
1685,0.312,False
1686,0.062,False
1687,0.250,False
1688,0.312,False
1689,0.188,False
1690,0.188,False
1691,0.062,False
1692,0.188,False
1693,0.000,False
1694,0.188,False
1695,0.438,False
1696,0.188,False
1697,0.250,False
1698,0.312,False
1699,0.312,False
1700,0.125,False
1701,0.438,False
1702,0.250,False
1703,0.125,False
1704,0.125,False
1705,0.500,False
1706,0.188,False
1707,0.250,False
1708,0.188,False
1709,0.250,False
1710,0.250,False
1711,0.188,False
1712,0.125,False
1713,0.125,False
1714,0.188,False
1715,0.188,False
1716,0.188,False
1717,0.000,False
1718,0.375,False
1719,0.188,False
1720,0.375,False
1721,0.312,False
1722,0.125,False
1723,0.188,False
1724,0.125,False
1725,0.000,False
1726,0.250,False
1727,0.312,False
1728,0.375,False
1729,0.062,False
1730,0.125,False
1731,0.188,False
1732,0.062,False
1733,0.250,False
1734,0.250,False
1735,0.188,False
1736,0.188,False
1737,0.250,False
1738,0.375,False
1739,0.188,False
1740,0.250,False
1741,0.188,False
1742,0.312,False
1743,0.125,False
1744,0.312,False
1745,0.312,False
1746,0.312,False
1747,0.188,False
1748,0.312,False
1749,0.312,False
1750,0.125,False
1751,0.188,False
1752,0.250,False
1753,0.188,False
1754,0.375,False
1755,0.125,False
1756,0.562,False
1757,0.250,False
1758,0.312,False
1759,0.250,False
1760,0.625,False
1761,0.250,False
1762,0.125,False
1763,0.188,False
1764,0.312,False
1765,0.250,False
1766,0.438,False
1767,0.375,False
1768,0.188,False
1769,0.125,False
1770,0.125,False
1771,0.062,False
1772,0.312,False
1773,0.500,False
1774,0.438,False
1775,0.250,False
1776,0.062,False
1777,0.125,False
1778,0.125,False
1779,0.125,False
1780,0.125,False
1781,0.125,False
1782,0.250,False
1783,0.188,False
1784,0.312,False
1785,0.188,False
1786,0.375,False
1787,0.188,False
1788,0.375,False
1789,0.250,False
1790,0.125,False
1791,0.438,False
1792,0.188,False
1793,0.250,False
1794,0.125,False
1795,0.375,False
1796,0.375,False
1797,0.312,False
1798,0.188,False
1799,0.250,False
1800,0.250,False
1801,0.312,False
1802,0.375,False
1803,0.188,False
1804,0.062,False
1805,0.375,False
1806,0.125,False
1807,0.188,False
1808,0.312,False
1809,0.312,False
1810,0.188,False
1811,0.250,False
1812,0.312,False
1813,0.250,False
1814,0.250,False
1815,0.062,False
1816,0.125,False
1817,0.312,False
1818,0.188,False
1819,0.062,False
1820,0.312,False
1821,0.188,False
1822,0.062,False
1823,0.188,False
1824,0.312,False
1825,0.125,False
1826,0.188,False
1827,0.438,False
1828,0.250,False
1829,0.062,False
1830,0.375,False
1831,0.125,False
1832,0.188,False
1833,0.125,False
1834,0.250,False
1835,0.188,False
1836,0.062,False
1837,0.312,False
1838,0.125,False
1839,0.500,False
1840,0.125,False
1841,0.125,False
1842,0.250,False
1843,0.312,False
1844,0.188,False
1845,0.188,False
1846,0.125,False
1847,0.250,False
1848,0.312,False
1849,0.125,False
1850,0.312,False
1851,0.250,False
1852,0.250,False
1853,0.188,False
1854,0.250,False
1855,0.125,False
1856,0.188,False
1857,0.062,False
1858,0.000,False
1859,0.312,False
1860,0.062,False
1861,0.375,False
1862,0.250,False
1863,0.250,False
1864,0.375,False
1865,0.312,False
1866,0.375,False
1867,0.312,False
1868,0.000,False
1869,0.438,False
1870,0.312,False
1871,0.250,False
1872,0.438,False
1873,0.250,False
1874,0.125,False
1875,0.125,False
1876,0.062,False
1877,0.188,False
1878,0.250,False
1879,0.125,False
1880,0.188,False
1881,0.062,False
1882,0.312,False
1883,0.312,False
1884,0.188,False
1885,0.188,False
1886,0.188,False
1887,0.188,False
1888,0.562,False
1889,0.188,False
1890,0.188,False
1891,0.062,False
1892,0.375,False
1893,0.125,False
1894,0.438,False
1895,0.250,False
1896,0.375,False
1897,0.062,False
1898,0.188,False
1899,0.188,False
1900,0.125,False
1901,0.312,False
1902,0.125,False
1903,0.188,False
1904,0.250,False
1905,0.062,False
1906,0.062,False
1907,0.250,False
1908,0.500,False
1909,0.188,False
1910,0.125,False
1911,0.250,False
1912,0.000,False
1913,0.188,False
1914,0.188,False
1915,0.188,False
1916,0.250,False
1917,0.125,False
1918,0.125,False
1919,0.062,False
1920,0.250,False
1921,0.188,False
1922,0.062,False
1923,0.062,False
1924,0.312,False
1925,0.188,False
1926,0.312,False
1927,0.250,False
1928,0.125,False
1929,0.312,False
1930,0.500,False
1931,0.188,False
1932,0.375,False
1933,0.250,False
1934,0.250,False
1935,0.500,False
1936,0.125,False
1937,0.188,False
1938,0.062,False
1939,0.062,False
1940,0.250,False
1941,0.188,False
1942,0.312,False
1943,0.188,False
1944,0.312,False
1945,0.188,False
1946,0.250,False
1947,0.250,False
1948,0.125,False
1949,0.188,False
1950,0.250,False
1951,0.250,False
1952,0.250,False
1953,0.312,False
1954,0.188,False
1955,0.312,False
1956,0.312,False
1957,0.250,False
1958,0.188,False
1959,0.250,False
1960,0.125,False
1961,0.250,False
1962,0.000,False
1963,0.000,False
1964,0.312,False
1965,0.312,False
1966,0.250,False
1967,0.062,False
1968,0.312,False
1969,0.250,False
1970,0.250,False
1971,0.188,False
1972,0.312,False
1973,0.062,False
1974,0.125,False
1975,0.312,False
1976,0.125,False
1977,0.188,False
1978,0.188,False
1979,0.125,False
1980,0.250,False
1981,0.125,False
1982,0.125,False
1983,0.250,False
1984,0.188,False
1985,0.125,False
1986,0.188,False
1987,0.125,False
1988,0.250,False
1989,0.125,False
1990,0.250,False
1991,0.250,False
1992,0.250,False
1993,0.312,False
1994,0.125,False
1995,0.125,False
1996,0.312,False
1997,0.000,False
1998,0.438,False
1999,0.562,False
2000,0.438,False
2001,0.125,False
2002,0.125,False
2003,0.125,False
2004,0.250,False
2005,0.125,False
2006,0.312,False
2007,0.500,False
2008,0.375,False
2009,0.000,False
2010,0.250,False
2011,0.188,False
2012,0.125,False
2013,0.188,False
2014,0.188,False
2015,0.062,False
2016,0.125,False
2017,0.188,False
2018,0.125,False
2019,0.062,False
2020,0.312,False
2021,0.125,False
2022,0.375,False
2023,0.312,False
2024,0.438,False
2025,0.250,False
2026,0.062,False
2027,0.188,False
2028,0.375,False
2029,0.375,False
2030,0.438,False
2031,0.250,False
2032,0.250,False
2033,0.312,False
2034,0.312,False
2035,0.250,False
2036,0.125,False
2037,0.188,False
2038,0.375,False
2039,0.188,False
2040,0.250,False
2041,0.312,False
2042,0.062,False
2043,0.375,False
2044,0.312,False
2045,0.375,False
2046,0.438,False
2047,0.125,False
2048,0.250,False
2049,0.062,False
2050,0.125,False
2051,0.312,False
2052,0.188,False
2053,0.312,False
2054,0.500,False
2055,0.312,False
2056,0.188,False
2057,0.125,False
2058,0.250,False
2059,0.125,False
2060,0.188,False
2061,0.125,False
2062,0.125,False
2063,0.250,False
2064,0.375,False
2065,0.438,False
2066,0.375,False
2067,0.125,False
2068,0.188,False
2069,0.062,False
2070,0.125,False
2071,0.125,False
2072,0.375,False
2073,0.250,False
2074,0.562,False
2075,0.125,False
2076,0.188,False
2077,0.562,False
2078,0.125,False
2079,0.312,False
2080,0.250,False
2081,0.125,False
2082,0.375,False
2083,0.250,False
2084,0.125,False
2085,0.312,False
2086,0.312,False
2087,0.250,False
2088,0.438,False
2089,0.125,False
2090,0.312,False
2091,0.312,False
2092,0.125,False
2093,0.250,False
2094,0.312,False
2095,0.125,False
2096,0.312,False
2097,0.062,False
2098,0.125,False
2099,0.250,False
2100,0.125,False
2101,0.250,False
2102,0.125,False
2103,0.312,False
2104,0.125,False
2105,0.125,False
2106,0.125,False
2107,0.250,False
2108,0.312,False
2109,0.250,False
2110,0.250,False
2111,0.312,False
2112,0.375,False
2113,0.500,False
2114,0.188,False
2115,0.250,False
2116,0.125,False
2117,0.250,False
2118,0.188,False
2119,0.312,False
2120,0.125,False
2121,0.188,False
2122,0.188,False
2123,0.375,False
2124,0.188,False
2125,0.188,False
2126,0.375,False
2127,0.312,False
2128,0.688,False
2129,0.312,False
2130,0.188,False
2131,0.250,False
2132,0.062,False
2133,0.312,False
2134,0.062,False
2135,0.250,False
2136,0.062,False
2137,0.250,False
2138,0.312,False
2139,0.375,False
2140,0.188,False
2141,0.125,False
2142,0.250,False
2143,0.375,False
2144,0.188,False
2145,0.375,False
2146,0.188,False
2147,0.125,False
2148,0.250,False
2149,0.125,False
2150,0.250,False
2151,0.188,False
2152,0.188,False
2153,0.375,False
2154,0.312,False
2155,0.312,False
2156,0.188,False
2157,0.312,False
2158,0.188,False
2159,0.438,False
2160,0.125,False
2161,0.188,False
2162,0.250,False
2163,0.125,False
2164,0.000,False
2165,0.375,False
2166,0.188,False
2167,0.250,False
2168,0.188,False
2169,0.125,False
2170,0.312,False
2171,0.188,False
2172,0.438,False
2173,0.125,False
2174,0.188,False
2175,0.312,False
2176,0.250,False
2177,0.188,False
2178,0.375,False
2179,0.188,False
2180,0.188,False
2181,0.312,False
2182,0.250,False
2183,0.312,False
2184,0.125,False
2185,0.188,False
2186,0.250,False
2187,0.188,False
2188,0.250,False
2189,0.125,False
2190,0.188,False
2191,0.062,False
2192,0.125,False
2193,0.500,False
2194,0.250,False
2195,0.312,False
2196,0.375,False
2197,0.062,False
2198,0.125,False
2199,0.375,False
2200,0.188,False
2201,0.188,False
2202,0.000,False
2203,0.188,False
2204,0.438,False
2205,0.188,False
2206,0.312,False
2207,0.125,False
2208,0.125,False
2209,0.375,False
2210,0.188,False
2211,0.312,False
2212,0.125,False
2213,0.250,False
2214,0.250,False
2215,0.375,False
2216,0.375,False
2217,0.188,False
2218,0.125,False
2219,0.125,False
2220,0.188,False
2221,0.125,False
2222,0.062,False
2223,0.125,False
2224,0.438,False
2225,0.188,False
2226,0.250,False
2227,0.250,False
2228,0.125,False
2229,0.312,False
2230,0.062,False
2231,0.500,False
2232,0.125,False
2233,0.375,False
2234,0.188,False
2235,0.375,False
2236,0.188,False
2237,0.312,False
2238,0.062,False
2239,0.438,False
2240,0.062,False
2241,0.188,False
2242,0.375,False
2243,0.250,False
2244,0.375,False
2245,0.125,False
2246,0.312,False
2247,0.312,False
2248,0.375,False
2249,0.312,False
2250,0.250,False
2251,0.250,False
2252,0.125,False
2253,0.000,False
2254,0.188,False
2255,0.250,False
2256,0.000,False
2257,0.188,False
2258,0.375,False
2259,0.500,False
2260,0.125,False
2261,0.312,False
2262,0.188,False
2263,0.125,False
2264,0.125,False
2265,0.500,False
2266,0.375,False
2267,0.125,False
2268,0.312,False
2269,0.188,False
2270,0.062,False
2271,0.188,False
2272,0.188,False
2273,0.375,False
2274,0.062,False
2275,0.250,False
2276,0.188,False
2277,0.125,False
2278,0.188,False
2279,0.375,False
2280,0.062,False
2281,0.250,False
2282,0.438,False
2283,0.250,False
2284,0.125,False
2285,0.438,False
2286,0.375,False
2287,0.188,False
2288,0.188,False
2289,0.312,False
2290,0.250,False
2291,0.188,False
2292,0.062,False
2293,0.062,False
2294,0.125,False
2295,0.125,False
2296,0.188,False
2297,0.188,False
2298,0.125,False
2299,0.562,False
2300,0.125,False
2301,0.188,False
2302,0.188,False
2303,0.250,False
2304,0.188,False
2305,0.188,False
2306,0.500,False
2307,0.250,False
2308,0.062,False
2309,0.062,False
2310,0.250,False
2311,0.062,False
2312,0.250,False
2313,0.125,False
2314,0.375,False
2315,0.312,False
2316,0.062,False
2317,0.188,False
2318,0.250,False
2319,0.188,False
2320,0.125,False
2321,0.312,False
2322,0.125,False
2323,0.125,False
2324,0.062,False
2325,0.188,False
2326,0.125,False
2327,0.062,False
2328,0.375,False
2329,0.250,False
2330,0.250,False
2331,0.062,False
2332,0.375,False
2333,0.312,False
2334,0.125,False
2335,0.250,False
2336,0.562,False
2337,0.000,False
2338,0.125,False
2339,0.062,False
2340,0.125,False
2341,0.312,False
2342,0.125,False
2343,0.062,False
2344,0.250,False
2345,0.250,False
2346,0.312,False
2347,0.125,False
2348,0.250,False
2349,0.125,False
2350,0.188,False
2351,0.188,False
2352,0.188,False
2353,0.188,False
2354,0.312,False
2355,0.125,False
2356,0.500,False
2357,0.062,False
2358,0.312,False
2359,0.250,False
2360,0.375,False
2361,0.062,False
2362,0.062,False
2363,0.188,False
2364,0.250,False
2365,0.438,False
2366,0.188,False
2367,0.500,False
2368,0.312,False
2369,0.375,False
2370,0.125,False
2371,0.312,False
2372,0.062,False
2373,0.188,False
2374,0.125,False
2375,0.188,False
2376,0.000,False
2377,0.125,False
2378,0.250,False
2379,0.188,False
2380,0.438,False
2381,0.250,False
2382,0.188,False
2383,0.125,False
2384,0.188,False
2385,0.062,False
2386,0.312,False
2387,0.188,False
2388,0.188,False
2389,0.500,False
2390,0.188,False
2391,0.250,False
2392,0.312,False
2393,0.000,False
2394,0.188,False
2395,0.188,False
2396,0.250,False
2397,0.250,False
2398,0.375,False
2399,0.250,False
2400,0.125,False
2401,0.438,False
2402,0.125,False
2403,0.125,False
2404,0.125,False
2405,0.062,False
2406,0.375,False
2407,0.312,False
2408,0.125,False
2409,0.062,False
2410,0.188,False
2411,0.250,False
2412,0.062,False
2413,0.250,False
2414,0.062,False
2415,0.125,False
2416,0.188,False
2417,0.125,False
2418,0.125,False
2419,0.062,False
2420,0.438,False
2421,0.188,False
2422,0.062,False
2423,0.188,False
2424,0.188,False
2425,0.250,False
2426,0.438,False
2427,0.188,False
2428,0.125,False
2429,0.062,False
2430,0.250,False
2431,0.125,False
2432,0.062,False
2433,0.250,False
2434,0.062,False
2435,0.312,False
2436,0.125,False
2437,0.250,False
2438,0.375,False
2439,0.312,False
2440,0.188,False
2441,0.375,False
2442,0.062,False
2443,0.000,False
2444,0.250,False
2445,0.375,False
2446,0.438,False
2447,0.188,False
2448,0.188,False
2449,0.438,False
2450,0.250,False
2451,0.312,False
2452,0.375,False
2453,0.375,False
2454,0.188,False
2455,0.438,False
2456,0.188,False
2457,0.188,False
2458,0.125,False
2459,0.125,False
2460,0.312,False
2461,0.062,False
2462,0.188,False
2463,0.250,False
2464,0.062,False
2465,0.188,False
2466,0.438,False
2467,0.250,False
2468,0.188,False
2469,0.188,False
2470,0.062,False
2471,0.250,False
2472,0.125,False
2473,0.125,False
2474,0.188,False
2475,0.375,False
2476,0.250,False
2477,0.500,False
2478,0.125,False
2479,0.250,False
2480,0.062,False
2481,0.000,False
2482,0.250,False
2483,0.375,False
2484,0.062,False
2485,0.375,False
2486,0.312,False
2487,0.188,False
2488,0.375,False
2489,0.250,False
2490,0.125,False
2491,0.375,False
2492,0.250,False
2493,0.062,False
2494,0.062,False
2495,0.312,False
2496,0.188,False
2497,0.062,False
2498,0.188,False
2499,0.188,False
2500,0.188,False
2501,0.188,False
2502,0.062,False
2503,0.125,False
2504,0.125,False
2505,0.438,False
2506,0.438,False
2507,0.125,False
2508,0.188,False
2509,0.250,False
2510,0.062,False
2511,0.312,False
2512,0.188,False
2513,0.312,False
2514,0.312,False
2515,0.188,False
2516,0.250,False
2517,0.188,False
2518,0.125,False
2519,0.000,False
2520,0.062,False
2521,0.312,False
2522,0.125,False
2523,0.312,False
2524,0.312,False
2525,0.312,False
2526,0.188,False
2527,0.250,False
2528,0.125,False
2529,0.312,False
2530,0.688,False
2531,0.125,False
2532,0.312,False
2533,0.188,False
2534,0.312,False
2535,0.125,False
2536,0.250,False
2537,0.188,False
2538,0.250,False
2539,0.375,False
2540,0.125,False
2541,0.188,False
2542,0.062,False
2543,0.250,False
2544,0.125,False
2545,0.375,False
2546,0.312,False
2547,0.250,False
2548,0.375,False
2549,0.188,False
2550,0.125,False
2551,0.250,False
2552,0.188,False
2553,0.125,False
2554,0.312,False
2555,0.250,False
2556,0.375,False
2557,0.250,False
2558,0.250,False
2559,0.062,False
2560,0.375,False
2561,0.438,False
2562,0.312,False
2563,0.375,False
2564,0.312,False
2565,0.125,False
2566,0.188,False
2567,0.125,False
2568,0.125,False
2569,0.312,False
2570,0.125,False
2571,0.250,False
2572,0.312,False
2573,0.250,False
2574,0.250,False
2575,0.125,False
2576,0.188,False
2577,0.188,False
2578,0.312,False
2579,0.188,False
2580,0.125,False
2581,0.062,False
2582,0.188,False
2583,0.250,False
2584,0.375,False
2585,0.312,False
2586,0.312,False
2587,0.375,False
2588,0.375,False
2589,0.250,False
2590,0.062,False
2591,0.312,False
2592,0.125,False
2593,0.188,False
2594,0.188,False
2595,0.188,False
2596,0.125,False
2597,0.125,False
2598,0.062,False
2599,0.250,False
2600,0.188,False
2601,0.062,False
2602,0.125,False
2603,0.125,False
2604,0.438,False
2605,0.250,False
2606,0.188,False
2607,0.125,False
2608,0.312,False
2609,0.312,False
2610,0.062,False
2611,0.125,False
2612,0.312,False
2613,0.438,False
2614,0.125,False
2615,0.250,False
2616,0.062,False
2617,0.562,False
2618,0.000,False
2619,0.125,False
2620,0.062,False
2621,0.312,False
2622,0.312,False
2623,0.000,False
2624,0.062,False
2625,0.125,False
2626,0.188,False
2627,0.250,False
2628,0.188,False
2629,0.375,False
2630,0.375,False
2631,0.375,False
2632,0.125,False
2633,0.125,False
2634,0.312,False
2635,0.188,False
2636,0.062,False
2637,0.438,False
2638,0.375,False
2639,0.312,False
2640,0.000,False
2641,0.375,False
2642,0.125,False
2643,0.188,False
2644,0.375,False
2645,0.188,False
2646,0.250,False
2647,0.062,False
2648,0.062,False
2649,0.188,False
2650,0.000,False
2651,0.188,False
2652,0.375,False
2653,0.125,False
2654,0.688,False
2655,0.312,False
2656,0.438,False
2657,0.188,False
2658,0.188,False
2659,0.125,False
2660,0.125,False
2661,0.188,False
2662,0.125,False
2663,0.250,False
2664,0.188,False
2665,0.188,False
2666,0.250,False
2667,0.125,False
2668,0.188,False
2669,0.250,False
2670,0.188,False
2671,0.312,False
2672,0.250,False
2673,0.125,False
2674,0.438,False
2675,0.438,False
2676,0.188,False
2677,0.375,False
2678,0.312,False
2679,0.188,False
2680,0.125,False
2681,0.312,False
2682,0.250,False
2683,0.125,False
2684,0.312,False
2685,0.062,False
2686,0.312,False
2687,0.062,False
2688,0.312,False
2689,0.188,False
2690,0.188,False
2691,0.062,False
2692,0.000,False
2693,0.250,False
2694,0.125,False
2695,0.188,False
2696,0.188,False
2697,0.062,False
2698,0.188,False
2699,0.188,False
2700,0.188,False
2701,0.125,False
2702,0.312,False
2703,0.125,False
2704,0.250,False
2705,0.188,False
2706,0.000,False
2707,0.062,False
2708,0.188,False
2709,0.375,False
2710,0.125,False
2711,0.562,False
2712,0.250,False
2713,0.125,False
2714,0.250,False
2715,0.062,False
2716,0.062,False
2717,0.188,False
2718,0.375,False
2719,0.250,False
2720,0.312,False
2721,0.188,False
2722,0.438,False
2723,0.125,False
2724,0.188,False
2725,0.125,False
2726,0.062,False
2727,0.438,False
2728,0.312,False
2729,0.375,False
2730,0.250,False
2731,0.250,False
2732,0.312,False
2733,0.125,False
2734,0.250,False
2735,0.188,False
2736,0.312,False
2737,0.188,False
2738,0.312,False
2739,0.125,False
2740,0.312,False
2741,0.125,False
2742,0.125,False
2743,0.312,False
2744,0.250,False
2745,0.312,False
2746,0.375,False
2747,0.125,False
2748,0.250,False
2749,0.375,False
2750,0.188,False
2751,0.062,False
2752,0.188,False
2753,0.125,False
2754,0.188,False
2755,0.062,False
2756,0.188,False
2757,0.188,False
2758,0.438,False
2759,0.062,False
2760,0.312,False
2761,0.250,False
2762,0.062,False
2763,0.188,False
2764,0.250,False
2765,0.188,False
2766,0.375,False
2767,0.250,False
2768,0.250,False
2769,0.125,False
2770,0.062,False
2771,0.438,False
2772,0.312,False
2773,0.062,False
2774,0.125,False
2775,0.125,False
2776,0.125,False
2777,0.312,False
2778,0.375,False
2779,0.125,False
2780,0.250,False
2781,0.375,False
2782,0.250,False
2783,0.062,False
2784,0.188,False
2785,0.250,False
2786,0.125,False
2787,0.250,False
2788,0.250,False
2789,0.250,False
2790,0.188,False
2791,0.375,False
2792,0.375,False
2793,0.125,False
2794,0.062,False
2795,0.062,False
2796,0.250,False
2797,0.250,False
2798,0.250,False
2799,0.188,False
2800,0.125,False
2801,0.188,False
2802,0.062,False
2803,0.375,False
2804,0.125,False
2805,0.312,False
2806,0.250,False
2807,0.125,False
2808,0.500,False
2809,0.000,False
2810,0.312,False
2811,0.125,False
2812,0.250,False
2813,0.000,False
2814,0.250,False
2815,0.188,False
2816,0.125,False
2817,0.250,False
2818,0.375,False
2819,0.000,False
2820,0.062,False
2821,0.250,False
2822,0.125,False
2823,0.312,False
2824,0.438,False
2825,0.188,False
2826,0.188,False
2827,0.250,False
2828,0.188,False
2829,0.250,False
2830,0.125,False
2831,0.250,False
2832,0.125,False
2833,0.000,False
2834,0.125,False
2835,0.188,False
2836,0.125,False
2837,0.312,False
2838,0.250,False
2839,0.312,False
2840,0.250,False
2841,0.250,False
2842,0.312,False
2843,0.062,False
2844,0.188,False
2845,0.188,False
2846,0.125,False
2847,0.250,False
2848,0.500,False
2849,0.125,False
2850,0.188,False
2851,0.062,False
2852,0.250,False
2853,0.312,False
2854,0.188,False
2855,0.188,False
2856,0.188,False
2857,0.062,False
2858,0.312,False
2859,0.375,False
2860,0.062,False
2861,0.688,False
2862,0.188,False
2863,0.250,False
2864,0.312,False
2865,0.250,False
2866,0.438,False
2867,0.312,False
2868,0.375,False
2869,0.188,False
2870,0.062,False
2871,0.000,False
2872,0.438,False
2873,0.188,False
2874,0.125,False
2875,0.188,False
2876,0.250,False
2877,0.062,False
2878,0.062,False
2879,0.312,False
2880,0.312,False
2881,0.438,False
2882,0.188,False
2883,0.188,False
2884,0.375,False
2885,0.188,False
2886,0.312,False
2887,0.500,False
2888,0.500,False
2889,0.125,False
2890,0.250,False
2891,0.312,False
2892,0.250,False
2893,0.062,False
2894,0.250,False
2895,0.125,False
2896,0.188,False
2897,0.312,False
2898,0.250,False
2899,0.188,False
2900,0.375,False
2901,0.250,False
2902,0.312,False
2903,0.312,False
2904,0.312,False
2905,0.125,False
2906,0.188,False
2907,0.188,False
2908,0.312,False
2909,0.188,False
2910,0.188,False
2911,0.188,False
2912,0.250,False
2913,0.188,False
2914,0.188,False
2915,0.125,False
2916,0.188,False
2917,0.250,False
2918,0.125,False
2919,0.188,False
2920,0.250,False
2921,0.125,False
2922,0.312,False
2923,0.125,False
2924,0.312,False
2925,0.125,False
2926,0.250,False
2927,0.188,False
2928,0.188,False
2929,0.250,False
2930,0.000,False
2931,0.500,False
2932,0.438,False
2933,0.250,False
2934,0.188,False
2935,0.312,False
2936,0.125,False
2937,0.000,False
2938,0.375,False
2939,0.062,False
2940,0.250,False
2941,0.250,False
2942,0.188,False
2943,0.125,False
2944,0.188,False
2945,0.500,False
2946,0.125,False
2947,0.312,False
2948,0.375,False
2949,0.125,False
2950,0.188,False
2951,0.188,False
2952,0.125,False
2953,0.250,False
2954,0.125,False
2955,0.188,False
2956,0.188,False
2957,0.250,False
2958,0.312,False
2959,0.250,False
2960,0.375,False
2961,0.188,False
2962,0.250,False
2963,0.125,False
2964,0.188,False
2965,0.250,False
2966,0.500,False
2967,0.250,False
2968,0.188,False
2969,0.125,False
2970,0.312,False
2971,0.062,False
2972,0.125,False
2973,0.250,False
2974,0.375,False
2975,0.188,False
2976,0.250,False
2977,0.375,False
2978,0.250,False
2979,0.312,False
2980,0.125,False
2981,0.375,False
2982,0.000,False
2983,0.125,False
2984,0.188,False
2985,0.250,False
2986,0.562,False
2987,0.312,False
2988,0.125,False
2989,0.062,False
2990,0.125,False
2991,0.000,False
2992,0.500,False
2993,0.312,False
2994,0.438,False
2995,0.062,False
2996,0.062,False
2997,0.250,False
2998,0.188,False
2999,0.125,False
3000,0.188,False
3001,0.062,False
3002,0.188,False
3003,0.250,False
3004,0.250,False
3005,0.312,False
3006,0.000,False
3007,0.250,False
3008,0.312,False
3009,0.375,False
3010,0.000,False
3011,0.250,False
3012,0.312,False
3013,0.250,False
3014,0.188,False
3015,0.188,False
3016,0.250,False
3017,0.312,False
3018,0.125,False
3019,0.062,False
3020,0.312,False
3021,0.438,False
3022,0.188,False
3023,0.188,False
3024,0.250,False
3025,0.125,False
3026,0.188,False
3027,0.188,False
3028,0.188,False
3029,0.250,False
3030,0.188,False
3031,0.000,False
3032,0.250,False
3033,0.250,False
3034,0.250,False
3035,0.188,False
3036,0.000,False
3037,0.250,False
3038,0.250,False
3039,0.375,False
3040,0.375,False
3041,0.312,False
3042,0.188,False
3043,0.312,False
3044,0.125,False
3045,0.125,False
3046,0.312,False
3047,0.250,False
3048,0.125,False
3049,0.188,False
3050,0.375,False
3051,0.125,False
3052,0.062,False
3053,0.312,False
3054,0.250,False
3055,0.312,False
3056,0.188,False
3057,0.188,False
3058,0.375,False
3059,0.438,False
3060,0.188,False
3061,0.375,False
3062,0.188,False
3063,0.188,False
3064,0.375,False
3065,0.188,False
3066,0.125,False
3067,0.312,False
3068,0.188,False
3069,0.125,False
3070,0.125,False
3071,0.125,False
3072,0.188,False
3073,0.312,False
3074,0.125,False
3075,0.125,False
3076,0.375,False
3077,0.125,False
3078,0.062,False
3079,0.562,False
3080,0.438,False
3081,0.312,False
3082,0.125,False
3083,0.250,False
3084,0.250,False
3085,0.188,False
3086,0.250,False
3087,0.250,False
3088,0.062,False
3089,0.312,False
3090,0.125,False
3091,0.312,False
3092,0.375,False
3093,0.312,False
3094,0.188,False
3095,0.125,False
3096,0.062,False
3097,0.188,False
3098,0.125,False
3099,0.188,False
3100,0.188,False
3101,0.188,False
3102,0.250,False
3103,0.062,False
3104,0.375,False
3105,0.188,False
3106,0.188,False
3107,0.312,False
3108,0.188,False
3109,0.000,False
3110,0.312,False
3111,0.062,False
3112,0.500,False
3113,0.125,False
3114,0.188,False
3115,0.188,False
3116,0.000,False
3117,0.125,False
3118,0.188,False
3119,0.312,False
3120,0.250,False
3121,0.062,False
3122,0.125,False
3123,0.312,False
3124,0.188,False
3125,0.125,False
3126,0.062,False
3127,0.438,False
3128,0.062,False
3129,0.125,False
3130,0.250,False
3131,0.188,False
3132,0.438,False
3133,0.000,False
3134,0.125,False
3135,0.062,False
3136,0.125,False
3137,0.062,False
3138,0.375,False
3139,0.312,False
3140,0.062,False
3141,0.250,False
3142,0.188,False
3143,0.125,False
3144,0.188,False
3145,0.312,False
3146,0.250,False
3147,0.250,False
3148,0.125,False
3149,0.312,False
3150,0.250,False
3151,0.188,False
3152,0.125,False
3153,0.125,False
3154,0.250,False
3155,0.312,False
3156,0.312,False
3157,0.250,False
3158,0.062,False
3159,0.250,False
3160,0.188,False
3161,0.250,False
3162,0.062,False
3163,0.250,False
3164,0.500,False
3165,0.500,False
3166,0.250,False
3167,0.438,False
3168,0.312,False
3169,0.500,False
3170,0.125,False
3171,0.188,False
3172,0.438,False
3173,0.000,False
3174,0.312,False
3175,0.250,False
3176,0.188,False
3177,0.312,False
3178,0.312,False
3179,0.250,False
3180,0.125,False
3181,0.062,False
3182,0.188,False
3183,0.312,False
3184,0.250,False
3185,0.188,False
3186,0.125,False
3187,0.250,False
3188,0.125,False
3189,0.125,False
3190,0.125,False
3191,0.125,False
3192,0.062,False
3193,0.250,False
3194,0.375,False
3195,0.375,False
3196,0.188,False
3197,0.250,False
3198,0.125,False
3199,0.250,False
3200,0.125,False
3201,0.250,False
3202,0.312,False
3203,0.125,False
3204,0.062,False
3205,0.438,False
3206,0.250,False
3207,0.250,False
3208,0.062,False
3209,0.125,False
3210,0.312,False
3211,0.250,False
3212,0.062,False
3213,0.438,False
3214,0.125,False
3215,0.250,False
3216,0.312,False
3217,0.125,False
3218,0.250,False
3219,0.188,False
3220,0.188,False
3221,0.062,False
3222,0.062,False
3223,0.312,False
3224,0.125,False
3225,0.062,False
3226,0.188,False
3227,0.250,False
3228,0.125,False
3229,0.188,False
3230,0.500,False
3231,0.188,False
3232,0.250,False
3233,0.125,False
3234,0.312,False
3235,0.188,False
3236,0.312,False
3237,0.375,False
3238,0.125,False
3239,0.125,False
3240,0.125,False
3241,0.250,False
3242,0.250,False
3243,0.438,False
3244,0.125,False
3245,0.188,False
3246,0.125,False
3247,0.312,False
3248,0.250,False
3249,0.250,False
3250,0.250,False
3251,0.125,False
3252,0.312,False
3253,0.250,False
3254,0.188,False
3255,0.188,False
3256,0.250,False
3257,0.438,False
3258,0.125,False
3259,0.312,False
3260,0.188,False
3261,0.062,False
3262,0.250,False
3263,0.312,False
3264,0.062,False
3265,0.125,False
3266,0.250,False
3267,0.188,False
3268,0.062,False
3269,0.250,False
3270,0.125,False
3271,0.250,False
3272,0.250,False
3273,0.188,False
3274,0.438,False
3275,0.188,False
3276,0.188,False
3277,0.062,False
3278,0.250,False
3279,0.375,False
3280,0.125,False
3281,0.438,False
3282,0.438,False
3283,0.312,False
3284,0.438,False
3285,0.188,False
3286,0.062,False
3287,0.375,False
3288,0.250,False
3289,0.188,False
3290,0.250,False
3291,0.188,False
3292,0.188,False
3293,0.438,False
3294,0.000,False
3295,0.188,False
3296,0.250,False
3297,0.125,False
3298,0.312,False
3299,0.062,False
3300,0.125,False
3301,0.062,False
3302,0.375,False
3303,0.375,False
3304,0.375,False
3305,0.375,False
3306,0.125,False
3307,0.375,False
3308,0.188,False
3309,0.312,False
3310,0.062,False
3311,0.125,False
3312,0.312,False
3313,0.312,False
3314,0.062,False
3315,0.500,False
3316,0.000,False
3317,0.375,False
3318,0.188,False
3319,0.125,False
3320,0.562,False
3321,0.188,False
3322,0.250,False
3323,0.125,False
3324,0.250,False
3325,0.188,False
3326,0.125,False
3327,0.500,False
3328,0.062,False
3329,0.000,False
3330,0.125,False
3331,0.438,False
3332,0.125,False
3333,0.000,False
3334,0.125,False
3335,0.312,False
3336,0.250,False
3337,0.312,False
3338,0.125,False
3339,0.312,False
3340,0.125,False
3341,0.250,False
3342,0.000,False
3343,0.375,False
3344,0.188,False
3345,0.125,False
3346,0.312,False
3347,0.188,False
3348,0.125,False
3349,0.188,False
3350,0.375,False
3351,0.438,False
3352,0.312,False
3353,0.188,False
3354,0.188,False
3355,0.125,False
3356,0.125,False
3357,0.375,False
3358,0.250,False
3359,0.500,False
3360,0.312,False
3361,0.438,False
3362,0.375,False
3363,0.188,False
3364,0.188,False
3365,0.125,False
3366,0.125,False
3367,0.250,False
3368,0.125,False
3369,0.250,False
3370,0.125,False
3371,0.188,False
3372,0.125,False
3373,0.438,False
3374,0.188,False
3375,0.312,False
3376,0.062,False
3377,0.312,False
3378,0.125,False
3379,0.125,False
3380,0.250,False
3381,0.125,False
3382,0.062,False
3383,0.125,False
3384,0.188,False
3385,0.188,False
3386,0.188,False
3387,0.125,False
3388,0.062,False
3389,0.188,False
3390,0.188,False
3391,0.250,False
3392,0.188,False
3393,0.250,False
3394,0.250,False
3395,0.250,False
3396,0.250,False
3397,0.125,False
3398,0.375,False
3399,0.500,False
3400,0.250,False
3401,0.125,False
3402,0.188,False
3403,0.250,False
3404,0.188,False
3405,0.250,False
3406,0.188,False
3407,0.250,False
3408,0.312,False
3409,0.312,False
3410,0.312,False
3411,0.125,False
3412,0.375,False
3413,0.125,False
3414,0.250,False
3415,0.312,False
3416,0.312,False
3417,0.188,False
3418,0.188,False
3419,0.312,False
3420,0.188,False
3421,0.188,False
3422,0.312,False
3423,0.125,False
3424,0.062,False
3425,0.312,False
3426,0.125,False
3427,0.125,False
3428,0.125,False
3429,0.188,False
3430,0.188,False
3431,0.062,False
3432,0.312,False
3433,0.188,False
3434,0.375,False
3435,0.188,False
3436,0.188,False
3437,0.188,False
3438,0.250,False
3439,0.188,False
3440,0.125,False
3441,0.250,False
3442,0.375,False
3443,0.188,False
3444,0.375,False
3445,0.125,False
3446,0.250,False
3447,0.250,False
3448,0.000,False
3449,0.125,False
3450,0.250,False
3451,0.125,False
3452,0.375,False
3453,0.250,False
3454,0.312,False
3455,0.125,False
3456,0.125,False
3457,0.312,False
3458,0.125,False
3459,0.375,False
3460,0.250,False
3461,0.188,False
3462,0.125,False
3463,0.125,False
3464,0.125,False
3465,0.188,False
3466,0.438,False
3467,0.125,False
3468,0.188,False
3469,0.062,False
3470,0.375,False
3471,0.312,False
3472,0.312,False
3473,0.188,False
3474,0.125,False
3475,0.188,False
3476,0.250,False
3477,0.250,False
3478,0.125,False
3479,0.188,False
3480,0.062,False
3481,0.125,False
3482,0.125,False
3483,0.312,False
3484,0.250,False
3485,0.062,False
3486,0.500,False
3487,0.125,False
3488,0.062,False
3489,0.188,False
3490,0.188,False
3491,0.312,False
3492,0.188,False
3493,0.188,False
3494,0.438,False
3495,0.312,False
3496,0.062,False
3497,0.188,False
3498,0.188,False
3499,0.125,False
3500,0.062,False
3501,0.250,False
3502,0.375,False
3503,0.188,False
3504,0.312,False
3505,0.188,False
3506,0.250,False
3507,0.125,False
3508,0.125,False
3509,0.312,False
3510,0.250,False
3511,0.062,False
3512,0.125,False
3513,0.500,False
3514,0.438,False
3515,0.438,False
3516,0.312,False
3517,0.375,False
3518,0.125,False
3519,0.312,False
3520,0.250,False
3521,0.375,False
3522,0.125,False
3523,0.125,False
3524,0.312,False
3525,0.250,False
3526,0.375,False
3527,0.188,False
3528,0.188,False
3529,0.188,False
3530,0.375,False
3531,0.062,False
3532,0.312,False
3533,0.188,False
3534,0.125,False
3535,0.188,False
3536,0.500,False
3537,0.125,False
3538,0.375,False
3539,0.188,False
3540,0.312,False
3541,0.062,False
3542,0.062,False
3543,0.188,False
3544,0.500,False
3545,0.062,False
3546,0.062,False
3547,0.188,False
3548,0.188,False
3549,0.250,False
3550,0.250,False
3551,0.125,False
3552,0.125,False
3553,0.188,False
3554,0.250,False
3555,0.312,False
3556,0.312,False
3557,0.500,False
3558,0.188,False
3559,0.250,False
3560,0.375,False
3561,0.250,False
3562,0.125,False
3563,0.125,False
3564,0.500,False
3565,0.250,False
3566,0.375,False
3567,0.500,False
3568,0.125,False
3569,0.375,False
3570,0.000,False
3571,0.062,False
3572,0.188,False
3573,0.125,False
3574,0.125,False
3575,0.188,False
3576,0.125,False
3577,0.438,False
3578,0.188,False
3579,0.188,False
3580,0.188,False
3581,0.188,False
3582,0.188,False
3583,0.125,False
3584,0.500,False
3585,0.250,False
3586,0.062,False
3587,0.375,False
3588,0.250,False
3589,0.188,False
3590,0.188,False
3591,0.188,False
3592,0.125,False
3593,0.312,False
3594,0.188,False
3595,0.188,False
3596,0.000,False
3597,0.188,False
3598,0.188,False
3599,0.312,False
3600,0.250,False
3601,0.250,False
3602,0.125,False
3603,0.188,False
3604,0.125,False
3605,0.062,False
3606,0.125,False
3607,0.125,False
3608,0.188,False
3609,0.062,False
3610,0.125,False
3611,0.312,False
3612,0.500,False
3613,0.250,False
3614,0.000,False
3615,0.500,False
3616,0.125,False
3617,0.188,False
3618,0.062,False
3619,0.188,False
3620,0.312,False
3621,0.125,False
3622,0.250,False
3623,0.188,False
3624,0.250,False
3625,0.188,False
3626,0.125,False
3627,0.125,False
3628,0.375,False
3629,0.250,False
3630,0.188,False
3631,0.125,False
3632,0.250,False
3633,0.438,False
3634,0.125,False
3635,0.312,False
3636,0.438,False
3637,0.375,False
3638,0.312,False
3639,0.438,False
3640,0.312,False
3641,0.125,False
3642,0.188,False
3643,0.375,False
3644,0.125,False
3645,0.125,False
3646,0.062,False
3647,0.375,False
3648,0.062,False
3649,0.125,False
3650,0.250,False
3651,0.250,False
3652,0.250,False
3653,0.188,False
3654,0.250,False
3655,0.188,False
3656,0.250,False
3657,0.375,False
3658,0.125,False
3659,0.312,False
3660,0.188,False
3661,0.188,False
3662,0.125,False
3663,0.188,False
3664,0.062,False
3665,0.188,False
3666,0.312,False
3667,0.250,False
3668,0.062,False
3669,0.188,False
3670,0.250,False
3671,0.188,False
3672,0.188,False
3673,0.000,False
3674,0.250,False
3675,0.250,False
3676,0.312,False
3677,0.188,False
3678,0.062,False
3679,0.250,False
3680,0.312,False
3681,0.062,False
3682,0.125,False
3683,0.438,False
3684,0.062,False
3685,0.312,False
3686,0.188,False
3687,0.250,False
3688,0.125,False
3689,0.125,False
3690,0.188,False
3691,0.312,False
3692,0.250,False
3693,0.125,False
3694,0.188,False
3695,0.438,False
3696,0.125,False
3697,0.125,False
3698,0.125,False
3699,0.188,False
3700,0.312,False
3701,0.250,False
3702,0.438,False
3703,0.312,False
3704,0.250,False
3705,0.188,False
3706,0.062,False
3707,0.125,False
3708,0.125,False
3709,0.250,False
3710,0.188,False
3711,0.125,False
3712,0.312,False
3713,0.500,False
3714,0.125,False
3715,0.188,False
3716,0.000,False
3717,0.250,False
3718,0.188,False
3719,0.312,False
3720,0.250,False
3721,0.188,False
3722,0.125,False
3723,0.188,False
3724,0.125,False
3725,0.250,False
3726,0.000,False
3727,0.188,False
3728,0.250,False
3729,0.188,False
3730,0.062,False
3731,0.312,False
3732,0.250,False
3733,0.188,False
3734,0.250,False
3735,0.125,False
3736,0.188,False
3737,0.312,False
3738,0.125,False
3739,0.312,False
3740,0.062,False
3741,0.125,False
3742,0.188,False
3743,0.062,False
3744,0.500,False
3745,0.125,False
3746,0.188,False
3747,0.438,False
3748,0.188,False
3749,0.500,False
3750,0.250,False
3751,0.000,False
3752,0.188,False
3753,0.125,False
3754,0.188,False
3755,0.312,False
3756,0.188,False
3757,0.250,False
3758,0.250,False
3759,0.312,False
3760,0.375,False
3761,0.312,False
3762,0.375,False
3763,0.312,False
3764,0.250,False
3765,0.062,False
3766,0.062,False
3767,0.312,False
3768,0.125,False
3769,0.062,False
3770,0.312,False
3771,0.062,False
3772,0.125,False
3773,0.250,False
3774,0.188,False
3775,0.250,False
3776,0.250,False
3777,0.250,False
3778,0.250,False
3779,0.250,False
3780,0.250,False
3781,0.312,False
3782,0.188,False
3783,0.250,False
3784,0.125,False
3785,0.250,False
3786,0.062,False
3787,0.250,False
3788,0.188,False
3789,0.438,False
3790,0.000,False
3791,0.438,False
3792,0.375,False
3793,0.250,False
3794,0.312,False
3795,0.188,False
3796,0.250,False
3797,0.250,False
3798,0.188,False
3799,0.250,False
3800,0.062,False
3801,0.125,False
3802,0.062,False
3803,0.000,False
3804,0.188,False
3805,0.250,False
3806,0.375,False
3807,0.125,False
3808,0.250,False
3809,0.062,False
3810,0.188,False
3811,0.125,False
3812,0.500,False
3813,0.062,False
3814,0.250,False
3815,0.000,False
3816,0.312,False
3817,0.312,False
3818,0.188,False
3819,0.188,False
3820,0.312,False
3821,0.250,False
3822,0.188,False
3823,0.250,False
3824,0.188,False
3825,0.062,False
3826,0.250,False
3827,0.062,False
3828,0.062,False
3829,0.312,False
3830,0.250,False
3831,0.062,False
3832,0.125,False
3833,0.062,False
3834,0.000,False
3835,0.188,False
3836,0.312,False
3837,0.312,False
3838,0.062,False
3839,0.125,False
3840,0.312,False
3841,0.125,False
3842,0.500,False
3843,0.250,False
3844,0.125,False
3845,0.125,False
3846,0.312,False
3847,0.312,False
3848,0.375,False
3849,0.250,False
3850,0.188,False
3851,0.062,False
3852,0.125,False
3853,0.000,False
3854,0.062,False
3855,0.312,False
3856,0.062,False
3857,0.125,False
3858,0.375,False
3859,0.312,False
3860,0.250,False
3861,0.188,False
3862,0.188,False
3863,0.125,False
3864,0.062,False
3865,0.062,False
3866,0.312,False
3867,0.188,False
3868,0.375,False
3869,0.312,False
3870,0.188,False
3871,0.188,False
3872,0.312,False
3873,0.312,False
3874,0.125,False
3875,0.188,False
3876,0.375,False
3877,0.062,False
3878,0.312,False
3879,0.375,False
3880,0.125,False
3881,0.188,False
3882,0.062,False
3883,0.312,False
3884,0.062,False
3885,0.312,False
3886,0.250,False
3887,0.375,False
3888,0.250,False
3889,0.188,False
3890,0.500,False
3891,0.125,False
3892,0.125,False
3893,0.125,False
3894,0.375,False
3895,0.125,False
3896,0.312,False
3897,0.250,False
3898,0.375,False
3899,0.125,False
3900,0.312,False
3901,0.062,False
3902,0.062,False
3903,0.438,False
3904,0.125,False
3905,0.312,False
3906,0.250,False
3907,0.312,False
3908,0.375,False
3909,0.250,False
3910,0.062,False
3911,0.375,False
3912,0.250,False
3913,0.500,False
3914,0.062,False
3915,0.250,False
3916,0.188,False
3917,0.188,False
3918,0.188,False
3919,0.188,False
3920,0.250,False
3921,0.062,False
3922,0.188,False
3923,0.438,False
3924,0.062,False
3925,0.250,False
3926,0.625,False
3927,0.438,False
3928,0.062,False
3929,0.250,False
3930,0.438,False
3931,0.375,False
3932,0.188,False
3933,0.188,False
3934,0.125,False
3935,0.188,False
3936,0.250,False
3937,0.000,False
3938,0.250,False
3939,0.125,False
3940,0.312,False
3941,0.250,False
3942,0.312,False
3943,0.188,False
3944,0.375,False
3945,0.250,False
3946,0.250,False
3947,0.125,False
3948,0.125,False
3949,0.312,False
3950,0.250,False
3951,0.312,False
3952,0.000,False
3953,0.438,False
3954,0.188,False
3955,0.125,False
3956,0.188,False
3957,0.375,False
3958,0.000,False
3959,0.250,False
3960,0.188,False
3961,0.125,False
3962,0.312,False
3963,0.188,False
3964,0.125,False
3965,0.375,False
3966,0.625,False
3967,0.250,False
3968,0.438,False
3969,0.062,False
3970,0.250,False
3971,0.125,False
3972,0.500,False
3973,0.188,False
3974,0.250,False
3975,0.125,False
3976,0.250,False
3977,0.125,False
3978,0.125,False
3979,0.188,False
3980,0.000,False
3981,0.375,False
3982,0.438,False
3983,0.438,False
3984,0.188,False
3985,0.500,False
3986,0.250,False
3987,0.125,False
3988,0.312,False
3989,0.000,False
3990,0.250,False
3991,0.188,False
3992,0.375,False
3993,0.250,False
3994,0.188,False
3995,0.375,False
3996,0.375,False
3997,0.250,False
3998,0.188,False
3999,0.188,False
4000,0.062,False
4001,0.188,False
4002,0.125,False
4003,0.250,False
4004,0.062,False
4005,0.188,False
4006,0.062,False
4007,0.188,False
4008,0.125,False
4009,0.312,False
4010,0.062,False
4011,0.125,False
4012,0.125,False
4013,0.375,False
4014,0.062,False
4015,0.188,False
4016,0.188,False
4017,0.250,False
4018,0.188,False
4019,0.250,False
4020,0.125,False
4021,0.188,False
4022,0.188,False
4023,0.125,False
4024,0.312,False
4025,0.375,False
4026,0.188,False
4027,0.000,False
4028,0.250,False
4029,0.688,False
4030,0.250,False
4031,0.125,False
4032,0.125,False
4033,0.062,False
4034,0.375,False
4035,0.062,False
4036,0.125,False
4037,0.312,False
4038,0.250,False
4039,0.250,False
4040,0.375,False
4041,0.125,False
4042,0.250,False
4043,0.375,False
4044,0.125,False
4045,0.312,False
4046,0.125,False
4047,0.250,False
4048,0.438,False
4049,0.250,False
4050,0.000,False
4051,0.250,False
4052,0.312,False
4053,0.188,False
4054,0.125,False
4055,0.250,False
4056,0.125,False
4057,0.000,False
4058,0.250,False
4059,0.188,False
4060,0.062,False
4061,0.312,False
4062,0.438,False
4063,0.062,False
4064,0.125,False
4065,0.375,False
4066,0.188,False
4067,0.250,False
4068,0.188,False
4069,0.125,False
4070,0.188,False
4071,0.188,False
4072,0.312,False
4073,0.375,False
4074,0.188,False
4075,0.188,False
4076,0.250,False
4077,0.250,False
4078,0.625,False
4079,0.188,False
4080,0.000,False
4081,0.312,False
4082,0.125,False
4083,0.375,False
4084,0.312,False
4085,0.312,False
4086,0.312,False
4087,0.312,False
4088,0.250,False
4089,0.375,False
4090,0.250,False
4091,0.500,False
4092,0.125,False
4093,0.250,False
4094,0.375,False
4095,0.312,False
4096,0.375,False
4097,0.312,False
4098,0.312,False
4099,0.312,False
4100,0.312,False
4101,0.125,False
4102,0.188,False
4103,0.250,False
4104,0.125,False
4105,0.312,False
4106,0.312,False
4107,0.125,False
4108,0.125,False
4109,0.250,False
4110,0.125,False
4111,0.125,False
4112,0.375,False
4113,0.250,False
4114,0.250,False
4115,0.125,False
4116,0.188,False
4117,0.125,False
4118,0.125,False
4119,0.312,False
4120,0.312,False
4121,0.062,False
4122,0.062,False
4123,0.250,False
4124,0.062,False
4125,0.188,False
4126,0.188,False
4127,0.438,False
4128,0.188,False
4129,0.125,False
4130,0.188,False
4131,0.250,False
4132,0.062,False
4133,0.188,False
4134,0.062,False
4135,0.125,False
4136,0.312,False
4137,0.562,False
4138,0.188,False
4139,0.125,False
4140,0.250,False
4141,0.188,False
4142,0.312,False
4143,0.438,False
4144,0.250,False
4145,0.125,False
4146,0.188,False
4147,0.125,False
4148,0.188,False
4149,0.062,False
4150,0.250,False
4151,0.312,False
4152,0.125,False
4153,0.312,False
4154,0.250,False
4155,0.312,False
4156,0.062,False
4157,0.062,False
4158,0.188,False
4159,0.375,False
4160,0.250,False
4161,0.312,False
4162,0.188,False
4163,0.062,False
4164,0.125,False
4165,0.312,False
4166,0.250,False
4167,0.125,False
4168,0.250,False
4169,0.125,False
4170,0.188,False
4171,0.062,False
4172,0.250,False
4173,0.500,False
4174,0.062,False
4175,0.125,False
4176,0.062,False
4177,0.188,False
4178,0.375,False
4179,0.062,False
4180,0.188,False
4181,0.250,False
4182,0.312,False
4183,0.375,False
4184,0.250,False
4185,0.312,False
4186,0.188,False
4187,0.562,False
4188,0.250,False
4189,0.188,False
4190,0.125,False
4191,0.250,False
4192,0.250,False
4193,0.250,False
4194,0.125,False
4195,0.250,False
4196,0.375,False
4197,0.250,False
4198,0.188,False
4199,0.250,False
4200,0.375,False
4201,0.250,False
4202,0.312,False
4203,0.062,False
4204,0.250,False
4205,0.562,False
4206,0.250,False
4207,0.250,False
4208,0.312,False
4209,0.312,False
4210,0.188,False
4211,0.250,False
4212,0.062,False
4213,0.250,False
4214,0.125,False
4215,0.062,False
4216,0.188,False
4217,0.000,False
4218,0.438,False
4219,0.188,False
4220,0.250,False
4221,0.312,False
4222,0.125,False
4223,0.250,False
4224,0.125,False
4225,0.375,False
4226,0.188,False
4227,0.375,False
4228,0.188,False
4229,0.312,False
4230,0.375,False
4231,0.188,False
4232,0.125,False
4233,0.125,False
4234,0.000,False
4235,0.188,False
4236,0.250,False
4237,0.125,False
4238,0.375,False
4239,0.375,False
4240,0.250,False
4241,0.312,False
4242,0.312,False
4243,0.062,False
4244,0.188,False
4245,0.188,False
4246,0.375,False
4247,0.188,False
4248,0.188,False
4249,0.188,False
4250,0.125,False
4251,0.188,False
4252,0.250,False
4253,0.312,False
4254,0.125,False
4255,0.125,False
4256,0.125,False
4257,0.312,False
4258,0.188,False
4259,0.125,False
4260,0.250,False
4261,0.188,False
4262,0.062,False
4263,0.062,False
4264,0.375,False
4265,0.188,False
4266,0.250,False
4267,0.188,False
4268,0.062,False
4269,0.062,False
4270,0.188,False
4271,0.188,False
4272,0.125,False
4273,0.312,False
4274,0.188,False
4275,0.250,False
4276,0.062,False
4277,0.250,False
4278,0.188,False
4279,0.375,False
4280,0.375,False
4281,0.188,False
4282,0.188,False
4283,0.438,False
4284,0.250,False
4285,0.312,False
4286,0.062,False
4287,0.188,False
4288,0.125,False
4289,0.312,False
4290,0.250,False
4291,0.312,False
4292,0.188,False
4293,0.438,False
4294,0.000,False
4295,0.312,False
4296,0.062,False
4297,0.250,False
4298,0.000,False
4299,0.250,False
4300,0.375,False
4301,0.375,False
4302,0.312,False
4303,0.062,False
4304,0.188,False
4305,0.438,False
4306,0.438,False
4307,0.312,False
4308,0.250,False
4309,0.312,False
4310,0.125,False
4311,0.125,False
4312,0.125,False
4313,0.188,False
4314,0.250,False
4315,0.250,False
4316,0.188,False
4317,0.500,False
4318,0.250,False
4319,0.062,False
4320,0.125,False
4321,0.312,False
4322,0.188,False
4323,0.188,False
4324,0.375,False
4325,0.125,False
4326,0.188,False
4327,0.375,False
4328,0.312,False
4329,0.000,False
4330,0.312,False
4331,0.000,False
4332,0.250,False
4333,0.125,False
4334,0.312,False
4335,0.188,False
4336,0.062,False
4337,0.250,False
4338,0.188,False
4339,0.312,False
4340,0.375,False
4341,0.000,False
4342,0.188,False
4343,0.062,False
4344,0.312,False
4345,0.188,False
4346,0.312,False
4347,0.188,False
4348,0.438,False
4349,0.062,False
4350,0.062,False
4351,0.188,False
4352,0.375,False
4353,0.188,False
4354,0.312,False
4355,0.438,False
4356,0.500,False
4357,0.375,False
4358,0.250,False
4359,0.188,False
4360,0.375,False
4361,0.438,False
4362,0.250,False
4363,0.375,False
4364,0.312,False
4365,0.000,False
4366,0.375,False
4367,0.375,False
4368,0.125,False
4369,0.188,False
4370,0.125,False
4371,0.312,False
4372,0.312,False
4373,0.125,False
4374,0.312,False
4375,0.062,False
4376,0.250,False
4377,0.375,False
4378,0.250,False
4379,0.125,False
4380,0.312,False
4381,0.250,False
4382,0.188,False
4383,0.250,False
4384,0.188,False
4385,0.188,False
4386,0.062,False
4387,0.312,False
4388,0.188,False
4389,0.125,False
4390,0.312,False
4391,0.250,False
4392,0.062,False
4393,0.188,False
4394,0.250,False
4395,0.125,False
4396,0.250,False
4397,0.250,False
4398,0.188,False
4399,0.562,False
4400,0.250,False
4401,0.375,False
4402,0.375,False
4403,0.250,False
4404,0.188,False
4405,0.062,False
4406,0.250,False
4407,0.125,False
4408,0.125,False
4409,0.188,False
4410,0.125,False
4411,0.438,False
4412,0.062,False
4413,0.312,False
4414,0.188,False
4415,0.062,False
4416,0.062,False
4417,0.188,False
4418,0.125,False
4419,0.438,False
4420,0.375,False
4421,0.000,False
4422,0.312,False
4423,0.125,False
4424,0.062,False
4425,0.125,False
4426,0.250,False
4427,0.312,False
4428,0.125,False
4429,0.125,False
4430,0.438,False
4431,0.188,False
4432,0.188,False
4433,0.188,False
4434,0.188,False
4435,0.062,False
4436,0.188,False
4437,0.188,False
4438,0.188,False
4439,0.125,False
4440,0.438,False
4441,0.000,False
4442,0.125,False
4443,0.375,False
4444,0.188,False
4445,0.250,False
4446,0.312,False
4447,0.125,False
4448,0.250,False
4449,0.125,False
4450,0.250,False
4451,0.125,False
4452,0.188,False
4453,0.125,False
4454,0.188,False
4455,0.062,False
4456,0.125,False
4457,0.000,False
4458,0.625,False
4459,0.188,False
4460,0.188,False
4461,0.000,False
4462,0.000,False
4463,0.188,False
4464,0.188,False
4465,0.188,False
4466,0.375,False
4467,0.250,False
4468,0.438,False
4469,0.125,False
4470,0.188,False
4471,0.375,False
4472,0.125,False
4473,0.250,False
4474,0.375,False
4475,0.375,False
4476,0.062,False
4477,0.250,False
4478,0.312,False
4479,0.500,False
4480,0.062,False
4481,0.312,False
4482,0.000,False
4483,0.250,False
4484,0.250,False
4485,0.125,False
4486,0.250,False
4487,0.188,False
4488,0.312,False
4489,0.000,False
4490,0.062,False
4491,0.250,False
4492,0.438,False
4493,0.312,False
4494,0.250,False
4495,0.500,False
4496,0.250,False
4497,0.375,False
4498,0.125,False
4499,0.375,False
4500,0.188,False
4501,0.062,False
4502,0.188,False
4503,0.250,False
4504,0.250,False
4505,0.125,False
4506,0.500,False
4507,0.375,False
4508,0.062,False
4509,0.250,False
4510,0.312,False
4511,0.312,False
4512,0.188,False
4513,0.125,False
4514,0.250,False
4515,0.250,False
4516,0.188,False
4517,0.500,False
4518,0.375,False
4519,0.000,False
4520,0.125,False
4521,0.312,False
4522,0.188,False
4523,0.250,False
4524,0.312,False
4525,0.250,False
4526,0.125,False
4527,0.125,False
4528,0.125,False
4529,0.312,False
4530,0.312,False
4531,0.062,False
4532,0.188,False
4533,0.250,False
4534,0.250,False
4535,0.125,False
4536,0.188,False
4537,0.375,False
4538,0.250,False
4539,0.188,False
4540,0.500,False
4541,0.250,False
4542,0.312,False
4543,0.000,False
4544,0.250,False
4545,0.125,False
4546,0.312,False
4547,0.312,False
4548,0.188,False
4549,0.250,False
4550,0.188,False
4551,0.438,False
4552,0.250,False
4553,0.125,False
4554,0.000,False
4555,0.250,False
4556,0.250,False
4557,0.250,False
4558,0.312,False
4559,0.250,False
4560,0.062,False
4561,0.125,False
4562,0.250,False
4563,0.000,False
4564,0.312,False
4565,0.188,False
4566,0.125,False
4567,0.125,False
4568,0.500,False
4569,0.188,False
4570,0.312,False
4571,0.375,False
4572,0.438,False
4573,0.125,False
4574,0.312,False
4575,0.375,False
4576,0.125,False
4577,0.625,False
4578,0.188,False
4579,0.250,False
4580,0.062,False
4581,0.438,False
4582,0.375,False
4583,0.562,False
4584,0.500,False
4585,0.125,False
4586,0.375,False
4587,0.438,False
4588,0.312,False
4589,0.062,False
4590,0.125,False
4591,0.312,False
4592,0.062,False
4593,0.125,False
4594,0.250,False
4595,0.375,False
4596,0.312,False
4597,0.312,False
4598,0.188,False
4599,0.562,False
4600,0.250,False
4601,0.125,False
4602,0.250,False
4603,0.375,False
4604,0.438,False
4605,0.125,False
4606,0.188,False
4607,0.125,False
4608,0.312,False
4609,0.250,False
4610,0.125,False
4611,0.188,False
4612,0.375,False
4613,0.438,False
4614,0.125,False
4615,0.250,False
4616,0.312,False
4617,0.125,False
4618,0.062,False
4619,0.250,False
4620,0.062,False
4621,0.188,False
4622,0.438,False
4623,0.062,False
4624,0.125,False
4625,0.062,False
4626,0.125,False
4627,0.062,False
4628,0.688,False
4629,0.312,False
4630,0.312,False
4631,0.125,False
4632,0.062,False
4633,0.125,False
4634,0.375,False
4635,0.062,False
4636,0.250,False
4637,0.375,False
4638,0.562,False
4639,0.000,False
4640,0.375,False
4641,0.188,False
4642,0.188,False
4643,0.125,False
4644,0.125,False
4645,0.188,False
4646,0.062,False
4647,0.188,False
4648,0.375,False
4649,0.125,False
4650,0.062,False
4651,0.312,False
4652,0.250,False
4653,0.188,False
4654,0.125,False
4655,0.375,False
4656,0.062,False
4657,0.188,False
4658,0.188,False
4659,0.062,False
4660,0.125,False
4661,0.188,False
4662,0.125,False
4663,0.438,False
4664,0.062,False
4665,0.375,False
4666,0.250,False
4667,0.125,False
4668,0.125,False
4669,0.062,False
4670,0.062,False
4671,0.125,False
4672,0.188,False
4673,0.500,False
4674,0.062,False
4675,0.250,False
4676,0.125,False
4677,0.062,False
4678,0.062,False
4679,0.375,False
4680,0.250,False
4681,0.062,False
4682,0.188,False
4683,0.188,False
4684,0.312,False
4685,0.062,False
4686,0.188,False
4687,0.188,False
4688,0.375,False
4689,0.250,False
4690,0.062,False
4691,0.188,False
4692,0.125,False
4693,0.062,False
4694,0.250,False
4695,0.062,False
4696,0.312,False
4697,0.125,False
4698,0.312,False
4699,0.312,False
4700,0.250,False
4701,0.188,False
4702,0.188,False
4703,0.125,False
4704,0.438,False
4705,0.312,False
4706,0.250,False
4707,0.250,False
4708,0.188,False
4709,0.375,False
4710,0.188,False
4711,0.312,False
4712,0.375,False
4713,0.312,False
4714,0.312,False
4715,0.250,False
4716,0.125,False
4717,0.062,False
4718,0.250,False
4719,0.125,False
4720,0.312,False
4721,0.312,False
4722,0.500,False
4723,0.125,False
4724,0.062,False
4725,0.125,False
4726,0.188,False
4727,0.125,False
4728,0.438,False
4729,0.125,False
4730,0.062,False
4731,0.062,False
4732,0.250,False
4733,0.188,False
4734,0.250,False
4735,0.125,False
4736,0.062,False
4737,0.250,False
4738,0.125,False
4739,0.312,False
4740,0.250,False
4741,0.438,False
4742,0.375,False
4743,0.438,False
4744,0.312,False
4745,0.062,False
4746,0.188,False
4747,0.375,False
4748,0.250,False
4749,0.438,False
4750,0.125,False
4751,0.188,False
4752,0.188,False
4753,0.375,False
4754,0.125,False
4755,0.125,False
4756,0.250,False
4757,0.312,False
4758,0.312,False
4759,0.312,False
4760,0.312,False
4761,0.500,False
4762,0.125,False
4763,0.125,False
4764,0.188,False
4765,0.125,False
4766,0.250,False
4767,0.188,False
4768,0.312,False
4769,0.188,False
4770,0.125,False
4771,0.062,False
4772,0.062,False
4773,0.250,False
4774,0.062,False
4775,0.312,False
4776,0.250,False
4777,0.250,False
4778,0.062,False
4779,0.375,False
4780,0.188,False
4781,0.312,False
4782,0.250,False
4783,0.250,False
4784,0.312,False
4785,0.062,False
4786,0.250,False
4787,0.125,False
4788,0.312,False
4789,0.062,False
4790,0.125,False
4791,0.438,False
4792,0.312,False
4793,0.125,False
4794,0.250,False
4795,0.250,False
4796,0.438,False
4797,0.062,False
4798,0.188,False
4799,0.250,False
4800,0.375,False
4801,0.312,False
4802,0.125,False
4803,0.062,False
4804,0.250,False
4805,0.250,False
4806,0.375,False
4807,0.000,False
4808,0.250,False
4809,0.125,False
4810,0.562,False
4811,0.188,False
4812,0.250,False
4813,0.188,False
4814,0.188,False
4815,0.312,False
4816,0.188,False
4817,0.250,False
4818,0.250,False
4819,0.188,False
4820,0.125,False
4821,0.312,False
4822,0.250,False
4823,0.188,False
4824,0.125,False
4825,0.375,False
4826,0.062,False
4827,0.188,False
4828,0.000,False
4829,0.250,False
4830,0.188,False
4831,0.188,False
4832,0.188,False
4833,0.062,False
4834,0.250,False
4835,0.000,False
4836,0.375,False
4837,0.188,False
4838,0.125,False
4839,0.250,False
4840,0.062,False
4841,0.250,False
4842,0.062,False
4843,0.188,False
4844,0.312,False
4845,0.188,False
4846,0.125,False
4847,0.062,False
4848,0.312,False
4849,0.188,False
4850,0.125,False
4851,0.188,False
4852,0.188,False
4853,0.188,False
4854,0.125,False
4855,0.312,False
4856,0.188,False
4857,0.188,False
4858,0.375,False
4859,0.062,False
4860,0.062,False
4861,0.125,False
4862,0.188,False
4863,0.250,False
4864,0.125,False
4865,0.125,False
4866,0.250,False
4867,0.188,False
4868,0.125,False
4869,0.438,False
4870,0.188,False
4871,0.312,False
4872,0.500,False
4873,0.250,False
4874,0.125,False
4875,0.188,False
4876,0.188,False
4877,0.312,False
4878,0.312,False
4879,0.188,False
4880,0.250,False
4881,0.375,False
4882,0.000,False
4883,0.125,False
4884,0.188,False
4885,0.312,False
4886,0.312,False
4887,0.062,False
4888,0.438,False
4889,0.188,False
4890,0.250,False
4891,0.125,False
4892,0.562,False
4893,0.188,False
4894,0.438,False
4895,0.188,False
4896,0.125,False
4897,0.125,False
4898,0.312,False
4899,0.375,False
4900,0.188,False
4901,0.250,False
4902,0.062,False
4903,0.250,False
4904,0.188,False
4905,0.375,False
4906,0.312,False
4907,0.188,False
4908,0.250,False
4909,0.062,False
4910,0.000,False
4911,0.250,False
4912,0.125,False
4913,0.375,False
4914,0.312,False
4915,0.188,False
4916,0.250,False
4917,0.188,False
4918,0.188,False
4919,0.250,False
4920,0.375,False
4921,0.250,False
4922,0.250,False
4923,0.188,False
4924,0.188,False
4925,0.062,False
4926,0.438,False
4927,0.000,False
4928,0.250,False
4929,0.312,False
4930,0.375,False
4931,0.062,False
4932,0.062,False
4933,0.250,False
4934,0.188,False
4935,0.188,False
4936,0.312,False
4937,0.125,False
4938,0.312,False
4939,0.312,False
4940,0.188,False
4941,0.375,False
4942,0.000,False
4943,0.375,False
4944,0.125,False
4945,0.250,False
4946,0.125,False
4947,0.250,False
4948,0.062,False
4949,0.438,False
4950,0.250,False
4951,0.188,False
4952,0.062,False
4953,0.375,False
4954,0.312,False
4955,0.375,False
4956,0.312,False
4957,0.438,False
4958,0.062,False
4959,0.188,False
4960,0.125,False
4961,0.188,False
4962,0.438,False
4963,0.250,False
4964,0.250,False
4965,0.062,False
4966,0.000,False
4967,0.250,False
4968,0.312,False
4969,0.188,False
4970,0.062,False
4971,0.062,False
4972,0.250,False
4973,0.500,False
4974,0.062,False
4975,0.375,False
4976,0.188,False
4977,0.375,False
4978,0.188,False
4979,0.375,False
4980,0.188,False
4981,0.250,False
4982,0.250,False
4983,0.125,False
4984,0.125,False
4985,0.188,False
4986,0.312,False
4987,0.125,False
4988,0.125,False
4989,0.125,False
4990,0.312,False
4991,0.312,False
4992,0.250,False
4993,0.312,False
4994,0.375,False
4995,0.312,False
4996,0.125,False
4997,0.250,False
4998,0.312,False
4999,0.250,False
5000,0.312,False
5001,0.188,False
5002,0.250,False
5003,0.250,False
5004,0.312,False
5005,0.125,False
5006,0.188,False
5007,0.375,False
5008,0.250,False
5009,0.000,False
5010,0.125,False
5011,0.188,False
5012,0.375,False
5013,0.188,False
5014,0.188,False
5015,0.125,False
5016,0.312,False
5017,0.250,False
5018,0.312,False
5019,0.062,False
5020,0.312,False
5021,0.250,False
5022,0.125,False
5023,0.250,False
5024,0.062,False
5025,0.250,False
5026,0.062,False
5027,0.188,False
5028,0.188,False
5029,0.250,False
5030,0.188,False
5031,0.125,False
5032,0.125,False
5033,0.312,False
5034,0.188,False
5035,0.062,False
5036,0.312,False
5037,0.188,False
5038,0.125,False
5039,0.312,False
5040,0.250,False
5041,0.250,False
5042,0.125,False
5043,0.000,False
5044,0.250,False
5045,0.125,False
5046,0.188,False
5047,0.062,False
5048,0.312,False
5049,0.000,False
5050,0.188,False
5051,0.312,False
5052,0.062,False
5053,0.375,False
5054,0.500,False
5055,0.312,False
5056,0.125,False
5057,0.125,False
5058,0.125,False
5059,0.125,False
5060,0.375,False
5061,0.312,False
5062,0.125,False
5063,0.375,False
5064,0.250,False
5065,0.312,False
5066,0.438,False
5067,0.562,False
5068,0.312,False
5069,0.000,False
5070,0.188,False
5071,0.188,False
5072,0.375,False
5073,0.062,False
5074,0.062,False
5075,0.250,False
5076,0.125,False
5077,0.438,False
5078,0.188,False
5079,0.250,False
5080,0.125,False
5081,0.062,False
5082,0.125,False
5083,0.250,False
5084,0.250,False
5085,0.062,False
5086,0.250,False
5087,0.250,False
5088,0.125,False
5089,0.188,False
5090,0.000,False
5091,0.250,False
5092,0.250,False
5093,0.250,False
5094,0.125,False
5095,0.188,False
5096,0.062,False
5097,0.312,False
5098,0.312,False
5099,0.062,False
5100,0.250,False
5101,0.125,False
5102,0.250,False
5103,0.312,False
5104,0.062,False
5105,0.062,False
5106,0.250,False
5107,0.250,False
5108,0.188,False
5109,0.250,False
5110,0.375,False
5111,0.312,False
5112,0.250,False
5113,0.375,False
5114,0.188,False
5115,0.125,False
5116,0.250,False
5117,0.250,False
5118,0.500,False
5119,0.125,False
5120,0.188,False
5121,0.500,False
5122,0.312,False
5123,0.188,False
5124,0.125,False
5125,0.188,False
5126,0.125,False
5127,0.062,False
5128,0.250,False
5129,0.188,False
5130,0.125,False
5131,0.375,False
5132,0.125,False
5133,0.500,False
5134,0.250,False
5135,0.000,False
5136,0.125,False
5137,0.062,False
5138,0.125,False
5139,0.188,False
5140,0.062,False
5141,0.062,False
5142,0.125,False
5143,0.250,False
5144,0.375,False
5145,0.312,False
5146,0.250,False
5147,0.250,False
5148,0.250,False
5149,0.250,False
5150,0.188,False
5151,0.062,False
5152,0.250,False
5153,0.562,False
5154,0.250,False
5155,0.312,False
5156,0.188,False
5157,0.438,False
5158,0.312,False
5159,0.188,False
5160,0.125,False
5161,0.250,False
5162,0.125,False
5163,0.062,False
5164,0.250,False
5165,0.062,False
5166,0.312,False
5167,0.375,False
5168,0.312,False
5169,0.188,False
5170,0.125,False
5171,0.125,False
5172,0.062,False
5173,0.188,False
5174,0.188,False
5175,0.312,False
5176,0.000,False
5177,0.125,False
5178,0.062,False
5179,0.188,False
5180,0.062,False
5181,0.312,False
5182,0.125,False
5183,0.500,False
5184,0.250,False
5185,0.188,False
5186,0.250,False
5187,0.188,False
5188,0.188,False
5189,0.125,False
5190,0.312,False
5191,0.375,False
5192,0.312,False
5193,0.188,False
5194,0.250,False
5195,0.312,False
5196,0.125,False
5197,0.500,False
5198,0.375,False
5199,0.125,False
5200,0.188,False
5201,0.250,False
5202,0.188,False
5203,0.062,False
5204,0.062,False
5205,0.250,False
5206,0.375,False
5207,0.188,False
5208,0.375,False
5209,0.125,False
5210,0.062,False
5211,0.250,False
5212,0.000,False
5213,0.375,False
5214,0.188,False
5215,0.375,False
5216,0.125,False
5217,0.062,False
5218,0.375,False
5219,0.250,False
5220,0.375,False
5221,0.250,False
5222,0.312,False
5223,0.250,False
5224,0.125,False
5225,0.250,False
5226,0.062,False
5227,0.312,False
5228,0.438,False
5229,0.125,False
5230,0.062,False
5231,0.062,False
5232,0.125,False
5233,0.250,False
5234,0.125,False
5235,0.312,False
5236,0.188,False
5237,0.062,False
5238,0.125,False
5239,0.375,False
5240,0.125,False
5241,0.312,False
5242,0.062,False
5243,0.438,False
5244,0.562,False
5245,0.312,False
5246,0.125,False
5247,0.125,False
5248,0.250,False
5249,0.125,False
5250,0.188,False
5251,0.125,False
5252,0.125,False
5253,0.188,False
5254,0.062,False
5255,0.375,False
5256,0.188,False
5257,0.250,False
5258,0.250,False
5259,0.250,False
5260,0.125,False
5261,0.438,False
5262,0.312,False
5263,0.312,False
5264,0.125,False
5265,0.250,False
5266,0.188,False
5267,0.312,False
5268,0.125,False
5269,0.188,False
5270,0.375,False
5271,0.250,False
5272,0.062,False
5273,0.250,False
5274,0.125,False
5275,0.375,False
5276,0.125,False
5277,0.500,False
5278,0.125,False
5279,0.125,False
5280,0.062,False
5281,0.188,False
5282,0.438,False
5283,0.000,False
5284,0.375,False
5285,0.188,False
5286,0.062,False
5287,0.125,False
5288,0.438,False
5289,0.188,False
5290,0.250,False
5291,0.125,False
5292,0.125,False
5293,0.438,False
5294,0.188,False
5295,0.125,False
5296,0.250,False
5297,0.375,False
5298,0.312,False
5299,0.188,False
5300,0.125,False
5301,0.125,False
5302,0.000,False
5303,0.250,False
5304,0.438,False
5305,0.312,False
5306,0.188,False
5307,0.375,False
5308,0.250,False
5309,0.062,False
5310,0.062,False
5311,0.125,False
5312,0.125,False
5313,0.062,False
5314,0.188,False
5315,0.188,False
5316,0.250,False
5317,0.125,False
5318,0.250,False
5319,0.062,False
5320,0.250,False
5321,0.375,False
5322,0.375,False
5323,0.250,False
5324,0.250,False
5325,0.375,False
5326,0.562,False
5327,0.250,False
5328,0.312,False
5329,0.375,False
5330,0.188,False
5331,0.125,False
5332,0.188,False
5333,0.375,False
5334,0.250,False
5335,0.312,False
5336,0.000,False
5337,0.312,False
5338,0.500,False
5339,0.312,False
5340,0.188,False
5341,0.062,False
5342,0.062,False
5343,0.438,False
5344,0.688,False
5345,0.125,False
5346,0.188,False
5347,0.188,False
5348,0.438,False
5349,0.125,False
5350,0.750,False
5351,0.188,False
5352,0.125,False
5353,0.062,False
5354,0.125,False
5355,0.312,False
5356,0.250,False
5357,0.250,False
5358,0.250,False
5359,0.312,False
5360,0.250,False
5361,0.312,False
5362,0.312,False
5363,0.250,False
5364,0.062,False
5365,0.375,False
5366,0.062,False
5367,0.188,False
5368,0.312,False
5369,0.312,False
5370,0.188,False
5371,0.000,False
5372,0.188,False
5373,0.250,False
5374,0.125,False
5375,0.062,False
5376,0.250,False
5377,0.188,False
5378,0.125,False
5379,0.375,False
5380,0.438,False
5381,0.062,False
5382,0.188,False
5383,0.312,False
5384,0.312,False
5385,0.250,False
5386,0.250,False
5387,0.188,False
5388,0.250,False
5389,0.062,False
5390,0.250,False
5391,0.125,False
5392,0.125,False
5393,0.125,False
5394,0.250,False
5395,0.250,False
5396,0.250,False
5397,0.250,False
5398,0.375,False
5399,0.188,False
5400,0.250,False
5401,0.250,False
5402,0.062,False
5403,0.125,False
5404,0.500,False
5405,0.000,False
5406,0.000,False
5407,0.312,False
5408,0.375,False
5409,0.375,False
5410,0.250,False
5411,0.000,False
5412,0.375,False
5413,0.375,False
5414,0.125,False
5415,0.250,False
5416,0.125,False
5417,0.188,False
5418,0.375,False
5419,0.188,False
5420,0.125,False
5421,0.250,False
5422,0.125,False
5423,0.250,False
5424,0.312,False
5425,0.312,False
5426,0.375,False
5427,0.250,False
5428,0.125,False
5429,0.375,False
5430,0.188,False
5431,0.188,False
5432,0.438,False
5433,0.062,False
5434,0.000,False
5435,0.125,False
5436,0.500,False
5437,0.250,False
5438,0.188,False
5439,0.250,False
5440,0.125,False
5441,0.000,False
5442,0.125,False
5443,0.188,False
5444,0.375,False
5445,0.500,False
5446,0.250,False
5447,0.250,False
5448,0.250,False
5449,0.312,False
5450,0.188,False
5451,0.000,False
5452,0.312,False
5453,0.375,False
5454,0.250,False
5455,0.250,False
5456,0.250,False
5457,0.188,False
5458,0.062,False
5459,0.062,False
5460,0.188,False
5461,0.188,False
5462,0.312,False
5463,0.062,False
5464,0.312,False
5465,0.250,False
5466,0.312,False
5467,0.125,False
5468,0.312,False
5469,0.188,False
5470,0.312,False
5471,0.250,False
5472,0.312,False
5473,0.062,False
5474,0.062,False
5475,0.000,False
5476,0.438,False
5477,0.188,False
5478,0.062,False
5479,0.250,False
5480,0.188,False
5481,0.125,False
5482,0.125,False
5483,0.250,False
5484,0.062,False
5485,0.250,False
5486,0.125,False
5487,0.125,False
5488,0.312,False
5489,0.062,False
5490,0.125,False
5491,0.250,False
5492,0.688,False
5493,0.125,False
5494,0.375,False
5495,0.125,False
5496,0.188,False
5497,0.125,False
5498,0.188,False
5499,0.188,False
5500,0.188,False
5501,0.375,False
5502,0.188,False
5503,0.125,False
5504,0.125,False
5505,0.188,False
5506,0.250,False
5507,0.000,False
5508,0.312,False
5509,0.188,False
5510,0.375,False
5511,0.000,False
5512,0.312,False
5513,0.188,False
5514,0.125,False
5515,0.188,False
5516,0.312,False
5517,0.188,False
5518,0.688,False
5519,0.312,False
5520,0.188,False
5521,0.188,False
5522,0.125,False
5523,0.375,False
5524,0.125,False
5525,0.500,False
5526,0.125,False
5527,0.000,False
5528,0.125,False
5529,0.250,False
5530,0.312,False
5531,0.250,False
5532,0.250,False
5533,0.188,False
5534,0.000,False
5535,0.062,False
5536,0.000,False
5537,0.062,False
5538,0.000,False
5539,0.062,False
5540,0.250,False
5541,0.375,False
5542,0.375,False
5543,0.188,False
5544,0.188,False
5545,0.125,False
5546,0.375,False
5547,0.250,False
5548,0.188,False
5549,0.188,False
5550,0.312,False
5551,0.062,False
5552,0.250,False
5553,0.125,False
5554,0.062,False
5555,0.125,False
5556,0.062,False
5557,0.375,False
5558,0.312,False
5559,0.375,False
5560,0.188,False
5561,0.250,False
5562,0.188,False
5563,0.312,False
5564,0.438,False
5565,0.000,False
5566,0.250,False
5567,0.250,False
5568,0.125,False
5569,0.188,False
5570,0.500,False
5571,0.000,False
5572,0.250,False
5573,0.312,False
5574,0.375,False
5575,0.312,False
5576,0.250,False
5577,0.250,False
5578,0.188,False
5579,0.250,False
5580,0.312,False
5581,0.312,False
5582,0.062,False
5583,0.125,False
5584,0.062,False
5585,0.188,False
5586,0.312,False
5587,0.125,False
5588,0.500,False
5589,0.125,False
5590,0.312,False
5591,0.188,False
5592,0.375,False
5593,0.188,False
5594,0.188,False
5595,0.312,False
5596,0.188,False
5597,0.188,False
5598,0.062,False
5599,0.250,False
5600,0.250,False
5601,0.312,False
5602,0.375,False
5603,0.188,False
5604,0.125,False
5605,0.250,False
5606,0.188,False
5607,0.188,False
5608,0.438,False
5609,0.250,False
5610,0.312,False
5611,0.438,False
5612,0.250,False
5613,0.188,False
5614,0.250,False
5615,0.250,False
5616,0.062,False
5617,0.375,False
5618,0.125,False
5619,0.438,False
5620,0.188,False
5621,0.062,False
5622,0.250,False
5623,0.562,False
5624,0.312,False
5625,0.312,False
5626,0.000,False
5627,0.062,False
5628,0.562,False
5629,0.125,False
5630,0.125,False
5631,0.125,False
5632,0.062,False
5633,0.312,False
5634,0.062,False
5635,0.250,False
5636,0.188,False
5637,0.312,False
5638,0.000,False
5639,0.188,False
5640,0.062,False
5641,0.188,False
5642,0.188,False
5643,0.312,False
5644,0.188,False
5645,0.188,False
5646,0.125,False
5647,0.000,False
5648,0.188,False
5649,0.312,False
5650,0.312,False
5651,0.125,False
5652,0.625,False
5653,0.062,False
5654,0.250,False
5655,0.125,False
5656,0.188,False
5657,0.312,False
5658,0.312,False
5659,0.062,False
5660,0.312,False
5661,0.188,False
5662,0.250,False
5663,0.062,False
5664,0.125,False
5665,0.375,False
5666,0.188,False
5667,0.188,False
5668,0.188,False
5669,0.000,False
5670,0.188,False
5671,0.000,False
5672,0.125,False
5673,0.375,False
5674,0.500,False
5675,0.250,False
5676,0.312,False
5677,0.125,False
5678,0.062,False
5679,0.250,False
5680,0.375,False
5681,0.125,False
5682,0.125,False
5683,0.250,False
5684,0.188,False
5685,0.312,False
5686,0.125,False
5687,0.375,False
5688,0.500,False
5689,0.125,False
5690,0.062,False
5691,0.625,False
5692,0.312,False
5693,0.375,False
5694,0.375,False
5695,0.188,False
5696,0.250,False
5697,0.438,False
5698,0.312,False
5699,0.438,False
5700,0.312,False
5701,0.500,False
5702,0.062,False
5703,0.625,False
5704,0.312,False
5705,0.375,False
5706,0.250,False
5707,0.188,False
5708,0.125,False
5709,0.125,False
5710,0.062,False
5711,0.500,False
5712,0.312,False
5713,0.188,False
5714,0.188,False
5715,0.188,False
5716,0.062,False
5717,0.125,False
5718,0.125,False
5719,0.125,False
5720,0.125,False
5721,0.312,False
5722,0.312,False
5723,0.125,False
5724,0.188,False
5725,0.188,False
5726,0.250,False
5727,0.062,False
5728,0.250,False
5729,0.250,False
5730,0.250,False
5731,0.312,False
5732,0.375,False
5733,0.438,False
5734,0.250,False
5735,0.375,False
5736,0.125,False
5737,0.125,False
5738,0.312,False
5739,0.312,False
5740,0.188,False
5741,0.125,False
5742,0.438,False
5743,0.250,False
5744,0.125,False
5745,0.062,False
5746,0.250,False
5747,0.125,False
5748,0.062,False
5749,0.188,False
5750,0.438,False
5751,0.188,False
5752,0.312,False
5753,0.062,False
5754,0.250,False
5755,0.125,False
5756,0.125,False
5757,0.250,False
5758,0.188,False
5759,0.000,False
5760,0.125,False
5761,0.312,False
5762,0.125,False
5763,0.062,False
5764,0.062,False
5765,0.125,False
5766,0.375,False
5767,0.250,False
5768,0.312,False
5769,0.000,False
5770,0.125,False
5771,0.125,False
5772,0.188,False
5773,0.188,False
5774,0.188,False
5775,0.188,False
5776,0.125,False
5777,0.125,False
5778,0.188,False
5779,0.375,False
5780,0.438,False
5781,0.125,False
5782,0.188,False
5783,0.312,False
5784,0.062,False
5785,0.062,False
5786,0.188,False
5787,0.250,False
5788,0.188,False
5789,0.188,False
5790,0.312,False
5791,0.062,False
5792,0.125,False
5793,0.375,False
5794,0.250,False
5795,0.125,False
5796,0.125,False
5797,0.250,False
5798,0.312,False
5799,0.375,False
5800,0.125,False
5801,0.188,False
5802,0.312,False
5803,0.375,False
5804,0.312,False
5805,0.250,False
5806,0.125,False
5807,0.250,False
5808,0.250,False
5809,0.125,False
5810,0.188,False
5811,0.125,False
5812,0.062,False
5813,0.250,False
5814,0.125,False
5815,0.500,False
5816,0.312,False
5817,0.438,False
5818,0.188,False
5819,0.062,False
5820,0.375,False
5821,0.375,False
5822,0.125,False
5823,0.188,False
5824,0.250,False
5825,0.250,False
5826,0.188,False
5827,0.188,False
5828,0.562,False
5829,0.188,False
5830,0.438,False
5831,0.375,False
5832,0.312,False
5833,0.188,False
5834,0.062,False
5835,0.125,False
5836,0.500,False
5837,0.062,False
5838,0.375,False
5839,0.125,False
5840,0.312,False
5841,0.188,False
5842,0.125,False
5843,0.188,False
5844,0.125,False
5845,0.188,False
5846,0.312,False
5847,0.125,False
5848,0.250,False
5849,0.312,False
5850,0.125,False
5851,0.250,False
5852,0.188,False
5853,0.312,False
5854,0.250,False
5855,0.125,False
5856,0.375,False
5857,0.188,False
5858,0.125,False
5859,0.438,False
5860,0.125,False
5861,0.312,False
5862,0.188,False
5863,0.438,False
5864,0.125,False
5865,0.500,False
5866,0.188,False
5867,0.188,False
5868,0.250,False
5869,0.250,False
5870,0.250,False
5871,0.188,False
5872,0.375,False
5873,0.125,False
5874,0.125,False
5875,0.625,False
5876,0.125,False
5877,0.062,False
5878,0.250,False
5879,0.125,False
5880,0.375,False
5881,0.375,False
5882,0.188,False
5883,0.188,False
5884,0.125,False
5885,0.188,False
5886,0.188,False
5887,0.250,False
5888,0.062,False
5889,0.125,False
5890,0.188,False
5891,0.438,False
5892,0.250,False
5893,0.125,False
5894,0.062,False
5895,0.250,False
5896,0.125,False
5897,0.062,False
5898,0.312,False
5899,0.250,False
5900,0.312,False
5901,0.125,False
5902,0.188,False
5903,0.250,False
5904,0.125,False
5905,0.125,False
5906,0.125,False
5907,0.188,False
5908,0.250,False
5909,0.125,False
5910,0.125,False
5911,0.250,False
5912,0.312,False
5913,0.250,False
5914,0.188,False
5915,0.125,False
5916,0.188,False
5917,0.062,False
5918,0.062,False
5919,0.438,False
5920,0.188,False
5921,0.188,False
5922,0.188,False
5923,0.062,False
5924,0.312,False
5925,0.250,False
5926,0.375,False
5927,0.250,False
5928,0.250,False
5929,0.250,False
5930,0.250,False
5931,0.312,False
5932,0.250,False
5933,0.188,False
5934,0.188,False
5935,0.062,False
5936,0.188,False
5937,0.250,False
5938,0.250,False
5939,0.250,False
5940,0.188,False
5941,0.312,False
5942,0.312,False
5943,0.188,False
5944,0.500,False
5945,0.250,False
5946,0.250,False
5947,0.375,False
5948,0.250,False
5949,0.250,False
5950,0.125,False
5951,0.375,False
5952,0.125,False
5953,0.062,False
5954,0.312,False
5955,0.250,False
5956,0.500,False
5957,0.125,False
5958,0.250,False
5959,0.500,False
5960,0.250,False
5961,0.250,False
5962,0.188,False
5963,0.312,False
5964,0.062,False
5965,0.000,False
5966,0.062,False
5967,0.312,False
5968,0.188,False
5969,0.125,False
5970,0.188,False
5971,0.125,False
5972,0.312,False
5973,0.312,False
5974,0.062,False
5975,0.000,False
5976,0.312,False
5977,0.625,False
5978,0.375,False
5979,0.562,False
5980,0.125,False
5981,0.250,False
5982,0.188,False
5983,0.250,False
5984,0.438,False
5985,0.250,False
5986,0.312,False
5987,0.188,False
5988,0.188,False
5989,0.125,False
5990,0.250,False
5991,0.250,False
5992,0.312,False
5993,0.500,False
5994,0.312,False
5995,0.188,False
5996,0.062,False
5997,0.062,False
5998,0.250,False
0,0.312,False
1,0.125,False
2,0.062,False
3,0.188,False
4,0.125,False
5,0.250,False
6,0.188,False
7,0.125,False
8,0.312,False
9,0.125,False
10,0.125,False
11,0.312,False
12,0.188,False
13,0.062,False
14,0.250,False
15,0.125,False
16,0.062,False
17,0.062,False
18,0.062,False
19,0.125,False
20,0.250,False
21,0.312,False
22,0.125,False
23,0.438,False
24,0.188,False
25,0.188,False
26,0.375,False
27,0.312,False
28,0.312,False
29,0.125,False
30,0.375,False
31,0.125,False
32,0.312,False
33,0.375,False
34,0.125,False
35,0.125,False
36,0.188,False
37,0.250,False
38,0.250,False
39,0.312,False
40,0.312,False
41,0.250,False
42,0.312,False
43,0.125,False
44,0.125,False
45,0.062,False
46,0.188,False
47,0.188,False
48,0.250,False
49,0.062,False
50,0.312,False
51,0.125,False
52,0.125,False
53,0.250,False
54,0.250,False
55,0.188,False
56,0.375,False
57,0.438,False
58,0.188,False
59,0.188,False
60,0.188,False
61,0.062,False
62,0.062,False
63,0.062,False
64,0.062,False
65,0.312,False
66,0.375,False
67,0.188,False
68,0.062,False
69,0.125,False
70,0.125,False
71,0.438,False
72,0.125,False
73,0.125,False
74,0.250,False
75,0.000,False
76,0.000,False
77,0.250,False
78,0.250,False
79,0.438,False
80,0.188,False
81,0.312,False
82,0.188,False
83,0.062,False
84,0.250,False
85,0.375,False
86,0.312,False
87,0.062,False
88,0.062,False
89,0.062,False
90,0.125,False
91,0.125,False
92,0.312,False
93,0.312,False
94,0.312,False
95,0.125,False
96,0.125,False
97,0.250,False
98,0.250,False
99,0.125,False
100,0.250,False
101,0.375,False
102,0.188,False
103,0.562,False
104,0.375,False
105,0.062,False
106,0.312,False
107,0.188,False
108,0.375,False
109,0.062,False
110,0.188,False
111,0.062,False
112,0.188,False
113,0.375,False
114,0.438,False
115,0.312,False
116,0.188,False
117,0.375,False
118,0.188,False
119,0.188,False
120,0.188,False
121,0.062,False
122,0.312,False
123,0.062,False
124,0.188,False
125,0.125,False
126,0.312,False
127,0.250,False
128,0.438,False
129,0.188,False
130,0.125,False
131,0.250,False
132,0.125,False
133,0.438,False
134,0.188,False
135,0.125,False
136,0.188,False
137,0.062,False
138,0.250,False
139,0.125,False
140,0.188,False
141,0.188,False
142,0.375,False
143,0.312,False
144,0.312,False
145,0.062,False
146,0.250,False
147,0.312,False
148,0.188,False
149,0.438,False
150,0.250,False
151,0.188,False
152,0.312,False
153,0.375,False
154,0.125,False
155,0.250,False
156,0.188,False
157,0.375,False
158,0.500,False
159,0.000,False
160,0.312,False
161,0.188,False
162,0.125,False
163,0.188,False
164,0.250,False
165,0.375,False
166,0.188,False
167,0.250,False
168,0.125,False
169,0.062,False
170,0.500,False
171,0.062,False
172,0.062,False
173,0.250,False
174,0.438,False
175,0.000,False
176,0.125,False
177,0.375,False
178,0.250,False
179,0.250,False
180,0.375,False
181,0.062,False
182,0.062,False
183,0.188,False
184,0.562,False
185,0.062,False
186,0.375,False
187,0.062,False
188,0.188,False
189,0.125,False
190,0.312,False
191,0.125,False
192,0.125,False
193,0.125,False
194,0.312,False
195,0.125,False
196,0.312,False
197,0.125,False
198,0.125,False
199,0.000,False
200,0.062,False
201,0.250,False
202,0.562,False
203,0.125,False
204,0.188,False
205,0.312,False
206,0.125,False
207,0.375,False
208,0.250,False
209,0.188,False
210,0.062,False
211,0.062,False
212,0.312,False
213,0.250,False
214,0.125,False
215,0.250,False
216,0.188,False
217,0.250,False
218,0.125,False
219,0.375,False
220,0.500,False
221,0.312,False
222,0.188,False
223,0.250,False
224,0.125,False
225,0.062,False
226,0.125,False
227,0.188,False
228,0.188,False
229,0.562,False
230,0.125,False
231,0.250,False
232,0.188,False
233,0.125,False
234,0.062,False
235,0.312,False
236,0.438,False
237,0.375,False
238,0.375,False
239,0.188,False
240,0.250,False
241,0.188,False
242,0.125,False
243,0.312,False
244,0.188,False
245,0.438,False
246,0.250,False
247,0.250,False
248,0.250,False
249,0.250,False
250,0.062,False
251,0.125,False
252,0.312,False
253,0.312,False
254,0.188,False
255,0.125,False
256,0.125,False
257,0.312,False
258,0.125,False
259,0.125,False
260,0.125,False
261,0.188,False
262,0.125,False
263,0.000,False
264,0.125,False
265,0.188,False
266,0.375,False
267,0.188,False
268,0.125,False
269,0.500,False
270,0.125,False
271,0.375,False
272,0.312,False
273,0.312,False
274,0.188,False
275,0.188,False
276,0.062,False
277,0.250,False
278,0.250,False
279,0.312,False
280,0.188,False
281,0.188,False
282,0.125,False
283,0.188,False
284,0.188,False
285,0.312,False
286,0.250,False
287,0.375,False
288,0.250,False
289,0.250,False
290,0.125,False
291,0.188,False
292,0.188,False
293,0.188,False
294,0.312,False
295,0.125,False
296,0.188,False
297,0.125,False
298,0.125,False
299,0.125,False
300,0.125,False
301,0.125,False
302,0.188,False
303,0.375,False
304,0.250,False
305,0.250,False
306,0.312,False
307,0.062,False
308,0.188,False
309,0.125,False
310,0.188,False
311,0.375,False
312,0.125,False
313,0.062,False
314,0.250,False
315,0.188,False
316,0.188,False
317,0.000,False
318,0.438,False
319,0.062,False
320,0.250,False
321,0.062,False
322,0.062,False
323,0.125,False
324,0.312,False
325,0.188,False
326,0.062,False
327,0.125,False
328,0.062,False
329,0.375,False
330,0.312,False
331,0.125,False
332,0.125,False
333,0.375,False
334,0.188,False
335,0.312,False
336,0.062,False
337,0.125,False
338,0.250,False
339,0.125,False
340,0.625,False
341,0.188,False
342,0.125,False
343,0.375,False
344,0.062,False
345,0.625,False
346,0.312,False
347,0.375,False
348,0.062,False
349,0.188,False
350,0.312,False
351,0.188,False
352,0.125,False
353,0.000,False
354,0.188,False
355,0.375,False
356,0.312,False
357,0.250,False
358,0.125,False
359,0.312,False
360,0.250,False
361,0.000,False
362,0.188,False
363,0.375,False
364,0.438,False
365,0.312,False
366,0.188,False
367,0.188,False
368,0.188,False
369,0.188,False
370,0.250,False
371,0.188,False
372,0.125,False
373,0.250,False
374,0.000,False
375,0.500,False
376,0.062,False
377,0.312,False
378,0.188,False
379,0.125,False
380,0.250,False
381,0.312,False
382,0.188,False
383,0.062,False
384,0.250,False
385,0.375,False
386,0.188,False
387,0.062,False
388,0.375,False
389,0.250,False
390,0.312,False
391,0.250,False
392,0.250,False
393,0.188,False
394,0.312,False
395,0.312,False
396,0.438,False
397,0.062,False
398,0.312,False
399,0.312,False
400,0.312,False
401,0.188,False
402,0.125,False
403,0.188,False
404,0.250,False
405,0.250,False
406,0.312,False
407,0.250,False
408,0.000,False
409,0.375,False
410,0.125,False
411,0.062,False
412,0.188,False
413,0.250,False
414,0.250,False
415,0.188,False
416,0.062,False
417,0.125,False
418,0.125,False
419,0.312,False
420,0.000,False
421,0.250,False
422,0.062,False
423,0.188,False
424,0.000,False
425,0.188,False
426,0.250,False
427,0.312,False
428,0.062,False
429,0.312,False
430,0.125,False
431,0.188,False
432,0.188,False
433,0.062,False
434,0.188,False
435,0.312,False
436,0.250,False
437,0.188,False
438,0.125,False
439,0.250,False
440,0.250,False
441,0.250,False
442,0.125,False
443,0.188,False
444,0.250,False
445,0.125,False
446,0.312,False
447,0.375,False
448,0.250,False
449,0.312,False
450,0.000,False
451,0.188,False
452,0.125,False
453,0.125,False
454,0.188,False
455,0.250,False
456,0.375,False
457,0.250,False
458,0.125,False
459,0.125,False
460,0.500,False
461,0.125,False
462,0.312,False
463,0.375,False
464,0.312,False
465,0.188,False
466,0.125,False
467,0.125,False
468,0.125,False
469,0.188,False
470,0.000,False
471,0.375,False
472,0.125,False
473,0.312,False
474,0.062,False
475,0.250,False
476,0.250,False
477,0.062,False
478,0.188,False
479,0.250,False
480,0.438,False
481,0.250,False
482,0.188,False
483,0.125,False
484,0.312,False
485,0.188,False
486,0.250,False
487,0.375,False
488,0.062,False
489,0.375,False
490,0.125,False
491,0.312,False
492,0.312,False
493,0.250,False
494,0.250,False
495,0.312,False
496,0.000,False
497,0.125,False
498,0.312,False
499,0.062,False
500,0.125,False
501,0.125,False
502,0.188,False
503,0.188,False
504,0.062,False
505,0.188,False
506,0.062,False
507,0.250,False
508,0.375,False
509,0.438,False
510,0.312,False
511,0.188,False
512,0.125,False
513,0.250,False
514,0.188,False
515,0.125,False
516,0.250,False
517,0.312,False
518,0.188,False
519,0.438,False
520,0.250,False
521,0.000,False
522,0.062,False
523,0.125,False
524,0.188,False
525,0.250,False
526,0.312,False
527,0.188,False
528,0.250,False
529,0.125,False
530,0.125,False
531,0.250,False
532,0.312,False
533,0.125,False
534,0.125,False
535,0.438,False
536,0.062,False
537,0.250,False
538,0.312,False
539,0.250,False
540,0.062,False
541,0.312,False
542,0.312,False
543,0.188,False
544,0.188,False
545,0.062,False
546,0.125,False
547,0.250,False
548,0.250,False
549,0.250,False
550,0.188,False
551,0.438,False
552,0.312,False
553,0.250,False
554,0.250,False
555,0.125,False
556,0.125,False
557,0.312,False
558,0.062,False
559,0.250,False
560,0.188,False
561,0.188,False
562,0.125,False
563,0.250,False
564,0.125,False
565,0.375,False
566,0.125,False
567,0.062,False
568,0.250,False
569,0.188,False
570,0.188,False
571,0.562,False
572,0.062,False
573,0.250,False
574,0.312,False
575,0.188,False
576,0.000,False
577,0.062,False
578,0.188,False
579,0.250,False
580,0.312,False
581,0.438,False
582,0.188,False
583,0.375,False
584,0.188,False
585,0.312,False
586,0.250,False
587,0.312,False
588,0.250,False
589,0.500,False
590,0.312,False
591,0.062,False
592,0.250,False
593,0.062,False
594,0.312,False
595,0.250,False
596,0.000,False
597,0.188,False
598,0.125,False
599,0.312,False
600,0.250,False
601,0.000,False
602,0.188,False
603,0.188,False
604,0.062,False
605,0.500,False
606,0.312,False
607,0.000,False
608,0.312,False
609,0.438,False
610,0.062,False
611,0.062,False
612,0.188,False
613,0.250,False
614,0.250,False
615,0.438,False
616,0.125,False
617,0.312,False
618,0.312,False
619,0.438,False
620,0.188,False
621,0.125,False
622,0.375,False
623,0.188,False
624,0.375,False
625,0.250,False
626,0.375,False
627,0.125,False
628,0.312,False
629,0.375,False
630,0.312,False
631,0.250,False
632,0.188,False
633,0.125,False
634,0.250,False
635,0.062,False
636,0.188,False
637,0.188,False
638,0.438,False
639,0.125,False
640,0.188,False
641,0.375,False
642,0.375,False
643,0.062,False
644,0.438,False
645,0.250,False
646,0.375,False
647,0.375,False
648,0.000,False
649,0.125,False
650,0.062,False
651,0.188,False
652,0.250,False
653,0.125,False
654,0.312,False
655,0.188,False
656,0.062,False
657,0.312,False
658,0.250,False
659,0.000,False
660,0.125,False
661,0.375,False
662,0.312,False
663,0.188,False
664,0.312,False
665,0.188,False
666,0.062,False
667,0.062,False
668,0.125,False
669,0.188,False
670,0.312,False
671,0.062,False
672,0.188,False
673,0.375,False
674,0.188,False
675,0.125,False
676,0.312,False
677,0.375,False
678,0.062,False
679,0.188,False
680,0.188,False
681,0.312,False
682,0.125,False
683,0.125,False
684,0.438,False
685,0.250,False
686,0.438,False
687,0.375,False
688,0.062,False
689,0.312,False
690,0.125,False
691,0.250,False
692,0.250,False
693,0.250,False
694,0.125,False
695,0.125,False
696,0.375,False
697,0.250,False
698,0.188,False
699,0.062,False
700,0.125,False
701,0.125,False
702,0.125,False
703,0.125,False
704,0.125,False
705,0.250,False
706,0.125,False
707,0.188,False
708,0.312,False
709,0.250,False
710,0.062,False
711,0.125,False
712,0.312,False
713,0.500,False
714,0.250,False
715,0.250,False
716,0.250,False
717,0.188,False
718,0.312,False
719,0.250,False
720,0.250,False
721,0.312,False
722,0.500,False
723,0.125,False
724,0.062,False
725,0.250,False
726,0.250,False
727,0.062,False
728,0.125,False
729,0.188,False
730,0.375,False
731,0.375,False
732,0.375,False
733,0.188,False
734,0.375,False
735,0.250,False
736,0.062,False
737,0.250,False
738,0.250,False
739,0.375,False
740,0.125,False
741,0.250,False
742,0.125,False
743,0.188,False
744,0.250,False
745,0.312,False
746,0.000,False
747,0.312,False
748,0.188,False
749,0.188,False
750,0.438,False
751,0.312,False
752,0.125,False
753,0.188,False
754,0.062,False
755,0.188,False
756,0.125,False
757,0.188,False
758,0.188,False
759,0.188,False
760,0.188,False
761,0.062,False
762,0.125,False
763,0.188,False
764,0.062,False
765,0.188,False
766,0.125,False
767,0.062,False
768,0.188,False
769,0.125,False
770,0.562,False
771,0.188,False
772,0.125,False
773,0.562,False
774,0.250,False
775,0.375,False
776,0.062,False
777,0.250,False
778,0.125,False
779,0.188,False
780,0.250,False
781,0.125,False
782,0.062,False
783,0.062,False
784,0.375,False
785,0.312,False
786,0.125,False
787,0.188,False
788,0.250,False
789,0.312,False
790,0.250,False
791,0.125,False
792,0.312,False
793,0.188,False
794,0.062,False
795,0.188,False
796,0.312,False
797,0.188,False
798,0.125,False
799,0.250,False
800,0.188,False
801,0.125,False
802,0.000,False
803,0.375,False
804,0.250,False
805,0.312,False
806,0.188,False
807,0.250,False
808,0.188,False
809,0.188,False
810,0.125,False
811,0.500,False
812,0.312,False
813,0.438,False
814,0.188,False
815,0.125,False
816,0.250,False
817,0.188,False
818,0.125,False
819,0.188,False
820,0.125,False
821,0.188,False
822,0.250,False
823,0.250,False
824,0.375,False
825,0.375,False
826,0.250,False
827,0.062,False
828,0.188,False
829,0.250,False
830,0.250,False
831,0.062,False
832,0.188,False
833,0.312,False
834,0.125,False
835,0.312,False
836,0.062,False
837,0.500,False
838,0.438,False
839,0.125,False
840,0.188,False
841,0.250,False
842,0.250,False
843,0.312,False
844,0.125,False
845,0.125,False
846,0.062,False
847,0.125,False
848,0.188,False
849,0.312,False
850,0.125,False
851,0.375,False
852,0.438,False
853,0.312,False
854,0.188,False
855,0.375,False
856,0.188,False
857,0.250,False
858,0.188,False
859,0.250,False
860,0.312,False
861,0.250,False
862,0.250,False
863,0.125,False
864,0.188,False
865,0.250,False
866,0.188,False
867,0.188,False
868,0.250,False
869,0.125,False
870,0.000,False
871,0.188,False
872,0.125,False
873,0.062,False
874,0.188,False
875,0.188,False
876,0.125,False
877,0.062,False
878,0.625,False
879,0.125,False
880,0.250,False
881,0.250,False
882,0.125,False
883,0.125,False
884,0.312,False
885,0.062,False
886,0.062,False
887,0.125,False
888,0.188,False
889,0.250,False
890,0.125,False
891,0.125,False
892,0.125,False
893,0.188,False
894,0.250,False
895,0.312,False
896,0.188,False
897,0.125,False
898,0.312,False
899,0.500,False
900,0.062,False
901,0.562,False
902,0.312,False
903,0.375,False
904,0.250,False
905,0.250,False
906,0.312,False
907,0.250,False
908,0.062,False
909,0.125,False
910,0.250,False
911,0.312,False
912,0.188,False
913,0.188,False
914,0.375,False
915,0.062,False
916,0.188,False
917,0.188,False
918,0.188,False
919,0.188,False
920,0.188,False
921,0.438,False
922,0.188,False
923,0.125,False
924,0.312,False
925,0.062,False
926,0.125,False
927,0.250,False
928,0.250,False
929,0.125,False
930,0.125,False
931,0.188,False
932,0.125,False
933,0.375,False
934,0.188,False
935,0.062,False
936,0.188,False
937,0.188,False
938,0.250,False
939,0.125,False
940,0.250,False
941,0.438,False
942,0.125,False
943,0.125,False
944,0.188,False
945,0.125,False
946,0.188,False
947,0.250,False
948,0.250,False
949,0.125,False
950,0.188,False
951,0.375,False
952,0.188,False
953,0.125,False
954,0.312,False
955,0.125,False
956,0.125,False
957,0.312,False
958,0.125,False
959,0.188,False
960,0.188,False
961,0.062,False
962,0.188,False
963,0.312,False
964,0.188,False
965,0.188,False
966,0.438,False
967,0.312,False
968,0.125,False
969,0.188,False
970,0.250,False
971,0.125,False
972,0.500,False
973,0.375,False
974,0.125,False
975,0.188,False
976,0.125,False
977,0.188,False
978,0.062,False
979,0.250,False
980,0.062,False
981,0.188,False
982,0.438,False
983,0.125,False
984,0.188,False
985,0.188,False
986,0.312,False
987,0.375,False
988,0.125,False
989,0.250,False
990,0.312,False
991,0.125,False
992,0.188,False
993,0.125,False
994,0.250,False
995,0.125,False
996,0.062,False
997,0.125,False
998,0.188,False
999,0.250,False
1000,0.312,False
1001,0.188,False
1002,0.062,False
1003,0.062,False
1004,0.188,False
1005,0.375,False
1006,0.188,False
1007,0.188,False
1008,0.062,False
1009,0.375,False
1010,0.312,False
1011,0.188,False
1012,0.375,False
1013,0.250,False
1014,0.125,False
1015,0.062,False
1016,0.375,False
1017,0.062,False
1018,0.000,False
1019,0.250,False
1020,0.250,False
1021,0.250,False
1022,0.062,False
1023,0.188,False
1024,0.188,False
1025,0.188,False
1026,0.188,False
1027,0.125,False
1028,0.062,False
1029,0.562,False
1030,0.312,False
1031,0.125,False
1032,0.000,False
1033,0.250,False
1034,0.312,False
1035,0.250,False
1036,0.250,False
1037,0.250,False
1038,0.250,False
1039,0.250,False
1040,0.312,False
1041,0.312,False
1042,0.125,False
1043,0.062,False
1044,0.125,False
1045,0.188,False
1046,0.125,False
1047,0.438,False
1048,0.312,False
1049,0.188,False
1050,0.250,False
1051,0.188,False
1052,0.188,False
1053,0.250,False
1054,0.062,False
1055,0.250,False
1056,0.250,False
1057,0.188,False
1058,0.125,False
1059,0.312,False
1060,0.125,False
1061,0.312,False
1062,0.188,False
1063,0.312,False
1064,0.250,False
1065,0.250,False
1066,0.125,False
1067,0.250,False
1068,0.188,False
1069,0.125,False
1070,0.188,False
1071,0.312,False
1072,0.250,False
1073,0.125,False
1074,0.125,False
1075,0.250,False
1076,0.375,False
1077,0.250,False
1078,0.188,False
1079,0.250,False
1080,0.250,False
1081,0.188,False
1082,0.125,False
1083,0.188,False
1084,0.062,False
1085,0.188,False
1086,0.375,False
1087,0.125,False
1088,0.125,False
1089,0.062,False
1090,0.250,False
1091,0.188,False
1092,0.125,False
1093,0.188,False
1094,0.188,False
1095,0.500,False
1096,0.000,False
1097,0.000,False
1098,0.125,False
1099,0.125,False
1100,0.250,False
1101,0.188,False
1102,0.312,False
1103,0.312,False
1104,0.500,False
1105,0.188,False
1106,0.125,False
1107,0.312,False
1108,0.000,False
1109,0.312,False
1110,0.125,False
1111,0.375,False
1112,0.250,False
1113,0.250,False
1114,0.250,False
1115,0.500,False
1116,0.125,False
1117,0.000,False
1118,0.250,False
1119,0.125,False
1120,0.250,False
1121,0.375,False
1122,0.250,False
1123,0.188,False
1124,0.250,False
1125,0.125,False
1126,0.375,False
1127,0.125,False
1128,0.250,False
1129,0.250,False
1130,0.312,False
1131,0.125,False
1132,0.188,False
1133,0.250,False
1134,0.062,False
1135,0.125,False
1136,0.438,False
1137,0.312,False
1138,0.188,False
1139,0.375,False
1140,0.125,False
1141,0.250,False
1142,0.188,False
1143,0.375,False
1144,0.188,False
1145,0.125,False
1146,0.062,False
1147,0.500,False
1148,0.500,False
1149,0.500,False
1150,0.375,False
1151,0.188,False
1152,0.125,False
1153,0.375,False
1154,0.062,False
1155,0.250,False
1156,0.188,False
1157,0.125,False
1158,0.062,False
1159,0.312,False
1160,0.250,False
1161,0.312,False
1162,0.438,False
1163,0.125,False
1164,0.125,False
1165,0.188,False
1166,0.250,False
1167,0.250,False
1168,0.250,False
1169,0.562,False
1170,0.188,False
1171,0.188,False
1172,0.312,False
1173,0.312,False
1174,0.188,False
1175,0.062,False
1176,0.500,False
1177,0.188,False
1178,0.125,False
1179,0.312,False
1180,0.062,False
1181,0.250,False
1182,0.188,False
1183,0.062,False
1184,0.062,False
1185,0.375,False
1186,0.250,False
1187,0.188,False
1188,0.312,False
1189,0.188,False
1190,0.188,False
1191,0.125,False
1192,0.125,False
1193,0.188,False
1194,0.625,False
1195,0.312,False
1196,0.062,False
1197,0.375,False
1198,0.375,False
1199,0.125,False
1200,0.188,False
1201,0.250,False
1202,0.438,False
1203,0.250,False
1204,0.312,False
1205,0.062,False
1206,0.312,False
1207,0.250,False
1208,0.125,False
1209,0.250,False
1210,0.250,False
1211,0.125,False
1212,0.188,False
1213,0.188,False
1214,0.062,False
1215,0.375,False
1216,0.250,False
1217,0.000,False
1218,0.125,False
1219,0.312,False
1220,0.000,False
1221,0.125,False
1222,0.062,False
1223,0.125,False
1224,0.125,False
1225,0.188,False
1226,0.125,False
1227,0.375,False
1228,0.312,False
1229,0.188,False
1230,0.438,False
1231,0.062,False
1232,0.250,False
1233,0.125,False
1234,0.250,False
1235,0.000,False
1236,0.125,False
1237,0.188,False
1238,0.312,False
1239,0.062,False
1240,0.125,False
1241,0.062,False
1242,0.062,False
1243,0.375,False
1244,0.188,False
1245,0.062,False
1246,0.312,False
1247,0.188,False
1248,0.125,False
1249,0.000,False
1250,0.250,False
1251,0.312,False
1252,0.250,False
1253,0.375,False
1254,0.250,False
1255,0.188,False
1256,0.312,False
1257,0.438,False
1258,0.062,False
1259,0.188,False
1260,0.188,False
1261,0.062,False
1262,0.250,False
1263,0.188,False
1264,0.125,False
1265,0.125,False
1266,0.000,False
1267,0.062,False
1268,0.188,False
1269,0.125,False
1270,0.312,False
1271,0.250,False
1272,0.188,False
1273,0.125,False
1274,0.312,False
1275,0.125,False
1276,0.250,False
1277,0.188,False
1278,0.062,False
1279,0.312,False
1280,0.188,False
1281,0.125,False
1282,0.188,False
1283,0.125,False
1284,0.062,False
1285,0.188,False
1286,0.375,False
1287,0.125,False
1288,0.188,False
1289,0.000,False
1290,0.375,False
1291,0.125,False
1292,0.062,False
1293,0.125,False
1294,0.250,False
1295,0.125,False
1296,0.062,False
1297,0.125,False
1298,0.188,False
1299,0.375,False
1300,0.125,False
1301,0.375,False
1302,0.250,False
1303,0.188,False
1304,0.438,False
1305,0.250,False
1306,0.062,False
1307,0.188,False
1308,0.312,False
1309,0.000,False
1310,0.250,False
1311,0.312,False
1312,0.125,False
1313,0.125,False
1314,0.188,False
1315,0.188,False
1316,0.062,False
1317,0.312,False
1318,0.562,False
1319,0.125,False
1320,0.312,False
1321,0.125,False
1322,0.250,False
1323,0.750,False
1324,0.188,False
1325,0.250,False
1326,0.062,False
1327,0.375,False
1328,0.125,False
1329,0.188,False
1330,0.250,False
1331,0.438,False
1332,0.188,False
1333,0.312,False
1334,0.125,False
1335,0.062,False
1336,0.125,False
1337,0.125,False
1338,0.438,False
1339,0.250,False
1340,0.312,False
1341,0.375,False
1342,0.125,False
1343,0.250,False
1344,0.125,False
1345,0.375,False
1346,0.125,False
1347,0.250,False
1348,0.188,False
1349,0.188,False
1350,0.000,False
1351,0.312,False
1352,0.062,False
1353,0.188,False
1354,0.438,False
1355,0.250,False
1356,0.312,False
1357,0.125,False
1358,0.188,False
1359,0.312,False
1360,0.250,False
1361,0.312,False
1362,0.312,False
1363,0.062,False
1364,0.250,False
1365,0.250,False
1366,0.062,False
1367,0.375,False
1368,0.375,False
1369,0.125,False
1370,0.250,False
1371,0.062,False
1372,0.250,False
1373,0.250,False
1374,0.062,False
1375,0.375,False
1376,0.250,False
1377,0.125,False
1378,0.188,False
1379,0.125,False
1380,0.188,False
1381,0.250,False
1382,0.250,False
1383,0.188,False
1384,0.250,False
1385,0.125,False
1386,0.500,False
1387,0.312,False
1388,0.562,False
1389,0.125,False
1390,0.000,False
1391,0.062,False
1392,0.062,False
1393,0.312,False
1394,0.250,False
1395,0.188,False
1396,0.250,False
1397,0.312,False
1398,0.125,False
1399,0.125,False
1400,0.000,False
1401,0.188,False
1402,0.188,False
1403,0.062,False
1404,0.250,False
1405,0.188,False
1406,0.062,False
1407,0.125,False
1408,0.500,False
1409,0.500,False
1410,0.312,False
1411,0.000,False
1412,0.125,False
1413,0.188,False
1414,0.375,False
1415,0.125,False
1416,0.125,False
1417,0.000,False
1418,0.188,False
1419,0.250,False
1420,0.125,False
1421,0.188,False
1422,0.188,False
1423,0.250,False
1424,0.250,False
1425,0.312,False
1426,0.250,False
1427,0.125,False
1428,0.562,False
1429,0.188,False
1430,0.312,False
1431,0.250,False
1432,0.250,False
1433,0.125,False
1434,0.188,False
1435,0.250,False
1436,0.250,False
1437,0.250,False
1438,0.438,False
1439,0.500,False
1440,0.250,False
1441,0.062,False
1442,0.312,False
1443,0.125,False
1444,0.125,False
1445,0.125,False
1446,0.125,False
1447,0.000,False
1448,0.312,False
1449,0.438,False
1450,0.188,False
1451,0.125,False
1452,0.188,False
1453,0.500,False
1454,0.250,False
1455,0.250,False
1456,0.438,False
1457,0.250,False
1458,0.375,False
1459,0.188,False
1460,0.062,False
1461,0.438,False
1462,0.125,False
1463,0.312,False
1464,0.188,False
1465,0.562,False
1466,0.062,False
1467,0.062,False
1468,0.312,False
1469,0.250,False
1470,0.312,False
1471,0.250,False
1472,0.250,False
1473,0.250,False
1474,0.188,False
1475,0.188,False
1476,0.188,False
1477,0.250,False
1478,0.062,False
1479,0.250,False
1480,0.125,False
1481,0.188,False
1482,0.125,False
1483,0.062,False
1484,0.250,False
1485,0.062,False
1486,0.250,False
1487,0.188,False
1488,0.188,False
1489,0.438,False
1490,0.312,False
1491,0.188,False
1492,0.125,False
1493,0.188,False
1494,0.250,False
1495,0.188,False
1496,0.188,False
1497,0.250,False
1498,0.250,False
1499,0.312,False
1500,0.125,False
1501,0.375,False
1502,0.312,False
1503,0.250,False
1504,0.125,False
1505,0.438,False
1506,0.250,False
1507,0.250,False
1508,0.188,False
1509,0.125,False
1510,0.062,False
1511,0.188,False
1512,0.250,False
1513,0.125,False
1514,0.250,False
1515,0.312,False
1516,0.125,False
1517,0.375,False
1518,0.188,False
1519,0.188,False
1520,0.312,False
1521,0.312,False
1522,0.188,False
1523,0.312,False
1524,0.250,False
1525,0.312,False
1526,0.250,False
1527,0.250,False
1528,0.250,False
1529,0.188,False
1530,0.062,False
1531,0.062,False
1532,0.062,False
1533,0.125,False
1534,0.188,False
1535,0.188,False
1536,0.375,False
1537,0.375,False
1538,0.125,False
1539,0.125,False
1540,0.062,False
1541,0.125,False
1542,0.125,False
1543,0.250,False
1544,0.062,False
1545,0.125,False
1546,0.250,False
1547,0.250,False
1548,0.312,False
1549,0.125,False
1550,0.375,False
1551,0.375,False
1552,0.250,False
1553,0.438,False
1554,0.062,False
1555,0.250,False
1556,0.062,False
1557,0.375,False
1558,0.125,False
1559,0.375,False
1560,0.125,False
1561,0.062,False
1562,0.188,False
1563,0.250,False
1564,0.250,False
1565,0.062,False
1566,0.312,False
1567,0.188,False
1568,0.062,False
1569,0.188,False
1570,0.125,False
1571,0.125,False
1572,0.312,False
1573,0.312,False
1574,0.250,False
1575,0.312,False
1576,0.188,False
1577,0.250,False
1578,0.250,False
1579,0.125,False
1580,0.250,False
1581,0.250,False
1582,0.250,False
1583,0.312,False
1584,0.188,False
1585,0.062,False
1586,0.125,False
1587,0.250,False
1588,0.125,False
1589,0.125,False
1590,0.500,False
1591,0.188,False
1592,0.188,False
1593,0.312,False
1594,0.188,False
1595,0.125,False
1596,0.125,False
1597,0.375,False
1598,0.250,False
1599,0.250,False
1600,0.250,False
1601,0.125,False
1602,0.062,False
1603,0.125,False
1604,0.312,False
1605,0.062,False
1606,0.250,False
1607,0.188,False
1608,0.375,False
1609,0.062,False
1610,0.062,False
1611,0.250,False
1612,0.250,False
1613,0.312,False
1614,0.250,False
1615,0.188,False
1616,0.438,False
1617,0.062,False
1618,0.188,False
1619,0.125,False
1620,0.188,False
1621,0.375,False
1622,0.062,False
1623,0.250,False
1624,0.125,False
1625,0.125,False
1626,0.125,False
1627,0.250,False
1628,0.125,False
1629,0.312,False
1630,0.438,False
1631,0.125,False
1632,0.375,False
1633,0.125,False
1634,0.375,False
1635,0.125,False
1636,0.188,False
1637,0.062,False
1638,0.312,False
1639,0.250,False
1640,0.312,False
1641,0.250,False
1642,0.062,False
1643,0.250,False
1644,0.188,False
1645,0.250,False
1646,0.125,False
1647,0.125,False
1648,0.500,False
1649,0.062,False
1650,0.062,False
1651,0.438,False
1652,0.375,False
1653,0.188,False
1654,0.438,False
1655,0.125,False
1656,0.125,False
1657,0.000,False
1658,0.312,False
1659,0.312,False
1660,0.188,False
1661,0.250,False
1662,0.250,False
1663,0.125,False
1664,0.250,False
1665,0.062,False
1666,0.125,False
1667,0.250,False
1668,0.312,False
1669,0.250,False
1670,0.188,False
1671,0.125,False
1672,0.312,False
1673,0.062,False
1674,0.250,False
1675,0.250,False
1676,0.188,False
1677,0.250,False
1678,0.188,False
1679,0.188,False
1680,0.062,False
1681,0.062,False
1682,0.188,False
1683,0.312,False
1684,0.250,False
1685,0.188,False
1686,0.250,False
1687,0.438,False
1688,0.125,False
1689,0.250,False
1690,0.375,False
1691,0.125,False
1692,0.250,False
1693,0.438,False
1694,0.125,False
1695,0.188,False
1696,0.312,False
1697,0.312,False
1698,0.125,False
1699,0.188,False
1700,0.062,False
1701,0.000,False
1702,0.250,False
1703,0.062,False
1704,0.188,False
1705,0.562,False
1706,0.250,False
1707,0.250,False
1708,0.125,False
1709,0.250,False
1710,0.312,False
1711,0.312,False
1712,0.062,False
1713,0.125,False
1714,0.000,False
1715,0.312,False
1716,0.188,False
1717,0.062,False
1718,0.312,False
1719,0.250,False
1720,0.125,False
1721,0.125,False
1722,0.125,False
1723,0.250,False
1724,0.375,False
1725,0.188,False
1726,0.250,False
1727,0.062,False
1728,0.188,False
1729,0.375,False
1730,0.250,False
1731,0.125,False
1732,0.250,False
1733,0.250,False
1734,0.250,False
1735,0.250,False
1736,0.062,False
1737,0.312,False
1738,0.062,False
1739,0.125,False
1740,0.250,False
1741,0.250,False
1742,0.188,False
1743,0.125,False
1744,0.438,False
1745,0.125,False
1746,0.312,False
1747,0.188,False
1748,0.125,False
1749,0.438,False
1750,0.188,False
1751,0.562,False
1752,0.062,False
1753,0.250,False
1754,0.188,False
1755,0.250,False
1756,0.125,False
1757,0.375,False
1758,0.062,False
1759,0.062,False
1760,0.188,False
1761,0.188,False
1762,0.312,False
1763,0.125,False
1764,0.250,False
1765,0.562,False
1766,0.250,False
1767,0.188,False
1768,0.188,False
1769,0.312,False
1770,0.312,False
1771,0.250,False
1772,0.125,False
1773,0.125,False
1774,0.312,False
1775,0.250,False
1776,0.125,False
1777,0.062,False
1778,0.312,False
1779,0.125,False
1780,0.125,False
1781,0.250,False
1782,0.438,False
1783,0.062,False
1784,0.438,False
1785,0.062,False
1786,0.125,False
1787,0.062,False
1788,0.188,False
1789,0.312,False
1790,0.562,False
1791,0.375,False
1792,0.312,False
1793,0.500,False
1794,0.125,False
1795,0.312,False
1796,0.062,False
1797,0.062,False
1798,0.188,False
1799,0.438,False
1800,0.250,False
1801,0.125,False
1802,0.125,False
1803,0.188,False
1804,0.312,False
1805,0.188,False
1806,0.125,False
1807,0.250,False
1808,0.312,False
1809,0.062,False
1810,0.125,False
1811,0.250,False
1812,0.312,False
1813,0.312,False
1814,0.562,False
1815,0.375,False
1816,0.188,False
1817,0.125,False
1818,0.062,False
1819,0.250,False
1820,0.438,False
1821,0.312,False
1822,0.375,False
1823,0.188,False
1824,0.125,False
1825,0.125,False
1826,0.312,False
1827,0.438,False
1828,0.062,False
1829,0.125,False
1830,0.188,False
1831,0.250,False
1832,0.438,False
1833,0.062,False
1834,0.312,False
1835,0.125,False
1836,0.375,False
1837,0.375,False
1838,0.188,False
1839,0.562,False
1840,0.438,False
1841,0.125,False
1842,0.375,False
1843,0.062,False
1844,0.312,False
1845,0.125,False
1846,0.188,False
1847,0.312,False
1848,0.125,False
1849,0.250,False
1850,0.375,False
1851,0.125,False
1852,0.312,False
1853,0.188,False
1854,0.500,False
1855,0.062,False
1856,0.062,False
1857,0.188,False
1858,0.250,False
1859,0.312,False
1860,0.250,False
1861,0.125,False
1862,0.375,False
1863,0.125,False
1864,0.250,False
1865,0.125,False
1866,0.125,False
1867,0.250,False
1868,0.188,False
1869,0.188,False
1870,0.188,False
1871,0.312,False
1872,0.188,False
1873,0.250,False
1874,0.125,False
1875,0.000,False
1876,0.125,False
1877,0.062,False
1878,0.125,False
1879,0.312,False
1880,0.125,False
1881,0.375,False
1882,0.312,False
1883,0.188,False
1884,0.312,False
1885,0.188,False
1886,0.188,False
1887,0.125,False
1888,0.188,False
1889,0.062,False
1890,0.188,False
1891,0.188,False
1892,0.188,False
1893,0.062,False
1894,0.312,False
1895,0.188,False
1896,0.188,False
1897,0.125,False
1898,0.188,False
1899,0.250,False
1900,0.188,False
1901,0.312,False
1902,0.000,False
1903,0.125,False
1904,0.312,False
1905,0.188,False
1906,0.188,False
1907,0.125,False
1908,0.062,False
1909,0.375,False
1910,0.062,False
1911,0.438,False
1912,0.062,False
1913,0.188,False
1914,0.125,False
1915,0.188,False
1916,0.438,False
1917,0.125,False
1918,0.375,False
1919,0.375,False
1920,0.125,False
1921,0.188,False
1922,0.188,False
1923,0.188,False
1924,0.312,False
1925,0.125,False
1926,0.188,False
1927,0.062,False
1928,0.250,False
1929,0.312,False
1930,0.250,False
1931,0.375,False
1932,0.250,False
1933,0.312,False
1934,0.188,False
1935,0.250,False
1936,0.125,False
1937,0.125,False
1938,0.125,False
1939,0.312,False
1940,0.188,False
1941,0.062,False
1942,0.188,False
1943,0.250,False
1944,0.250,False
1945,0.125,False
1946,0.125,False
1947,0.125,False
1948,0.125,False
1949,0.250,False
1950,0.000,False
1951,0.250,False
1952,0.188,False
1953,0.312,False
1954,0.500,False
1955,0.125,False
1956,0.188,False
1957,0.438,False
1958,0.188,False
1959,0.250,False
1960,0.312,False
1961,0.250,False
1962,0.062,False
1963,0.250,False
1964,0.125,False
1965,0.250,False
1966,0.312,False
1967,0.188,False
1968,0.188,False
1969,0.312,False
1970,0.625,False
1971,0.312,False
1972,0.250,False
1973,0.062,False
1974,0.062,False
1975,0.250,False
1976,0.125,False
1977,0.312,False
1978,0.125,False
1979,0.188,False
1980,0.125,False
1981,0.062,False
1982,0.188,False
1983,0.250,False
1984,0.375,False
1985,0.250,False
1986,0.250,False
1987,0.125,False
1988,0.062,False
1989,0.250,False
1990,0.438,False
1991,0.188,False
1992,0.188,False
1993,0.250,False
1994,0.125,False
1995,0.188,False
1996,0.375,False
1997,0.188,False
1998,0.500,False
1999,0.188,False
2000,0.188,False
2001,0.125,False
2002,0.125,False
2003,0.062,False
2004,0.312,False
2005,0.312,False
2006,0.188,False
2007,0.188,False
2008,0.625,False
2009,0.312,False
2010,0.125,False
2011,0.188,False
2012,0.188,False
2013,0.250,False
2014,0.250,False
2015,0.312,False
2016,0.125,False
2017,0.375,False
2018,0.375,False
2019,0.125,False
2020,0.188,False
2021,0.188,False
2022,0.312,False
2023,0.188,False
2024,0.438,False
2025,0.188,False
2026,0.000,False
2027,0.125,False
2028,0.500,False
2029,0.188,False
2030,0.125,False
2031,0.375,False
2032,0.125,False
2033,0.375,False
2034,0.188,False
2035,0.125,False
2036,0.250,False
2037,0.125,False
2038,0.125,False
2039,0.188,False
2040,0.562,False
2041,0.062,False
2042,0.312,False
2043,0.062,False
2044,0.438,False
2045,0.312,False
2046,0.312,False
2047,0.250,False
2048,0.000,False
2049,0.125,False
2050,0.188,False
2051,0.250,False
2052,0.188,False
2053,0.188,False
2054,0.188,False
2055,0.250,False
2056,0.062,False
2057,0.312,False
2058,0.188,False
2059,0.250,False
2060,0.188,False
2061,0.188,False
2062,0.125,False
2063,0.062,False
2064,0.312,False
2065,0.312,False
2066,0.250,False
2067,0.188,False
2068,0.188,False
2069,0.500,False
2070,0.312,False
2071,0.250,False
2072,0.062,False
2073,0.312,False
2074,0.250,False
2075,0.312,False
2076,0.188,False
2077,0.312,False
2078,0.312,False
2079,0.250,False
2080,0.250,False
2081,0.188,False
2082,0.188,False
2083,0.562,False
2084,0.312,False
2085,0.375,False
2086,0.188,False
2087,0.438,False
2088,0.250,False
2089,0.250,False
2090,0.188,False
2091,0.500,False
2092,0.188,False
2093,0.188,False
2094,0.500,False
2095,0.625,False
2096,0.250,False
2097,0.125,False
2098,0.188,False
2099,0.312,False
2100,0.250,False
2101,0.062,False
2102,0.250,False
2103,0.312,False
2104,0.250,False
2105,0.125,False
2106,0.438,False
2107,0.188,False
2108,0.250,False
2109,0.312,False
2110,0.125,False
2111,0.250,False
2112,0.312,False
2113,0.188,False
2114,0.188,False
2115,0.250,False
2116,0.250,False
2117,0.312,False
2118,0.188,False
2119,0.250,False
2120,0.188,False
2121,0.438,False
2122,0.375,False
2123,0.312,False
2124,0.250,False
2125,0.438,False
2126,0.250,False
2127,0.250,False
2128,0.375,False
2129,0.438,False
2130,0.062,False
2131,0.375,False
2132,0.312,False
2133,0.188,False
2134,0.438,False
2135,0.375,False
2136,0.250,False
2137,0.312,False
2138,0.500,False
2139,0.188,False
2140,0.438,False
2141,0.312,False
2142,0.125,False
2143,0.125,False
2144,0.125,False
2145,0.062,False
2146,0.125,False
2147,0.250,False
2148,0.312,False
2149,0.312,False
2150,0.062,False
2151,0.062,False
0,0.062,False
1,0.250,False
2,0.125,False
3,0.312,False
4,0.250,False
5,0.250,False
6,0.500,False
7,0.188,False
8,0.125,False
9,0.188,False
10,0.125,False
11,0.062,False
12,0.625,False
13,0.125,False
14,0.312,False
15,0.188,False
16,0.062,False
17,0.188,False
18,0.188,False
19,0.125,False
20,0.562,False
21,0.125,False
22,0.125,False
23,0.188,False
24,0.125,False
25,0.375,False
26,0.438,False
27,0.312,False
28,0.438,False
29,0.250,False
30,0.312,False
31,0.188,False
32,0.188,False
33,0.188,False
34,0.125,False
35,0.250,False
36,0.438,False
37,0.188,False
38,0.125,False
39,0.188,False
40,0.062,False
41,0.312,False
42,0.250,False
43,0.250,False
44,0.250,False
45,0.062,False
46,0.188,False
47,0.000,False
48,0.250,False
49,0.250,False
50,0.438,False
51,0.312,False
52,0.125,False
53,0.500,False
54,0.125,False
55,0.250,False
56,0.375,False
57,0.375,False
58,0.125,False
59,0.125,False
60,0.188,False
61,0.375,False
62,0.250,False
63,0.375,False
64,0.250,False
65,0.438,False
66,0.188,False
67,0.188,False
68,0.125,False
69,0.125,False
70,0.250,False
71,0.188,False
72,0.250,False
73,0.125,False
74,0.375,False
75,0.000,False
76,0.125,False
77,0.250,False
78,0.312,False
79,0.375,False
80,0.375,False
81,0.188,False
82,0.188,False
83,0.062,False
84,0.312,False
85,0.438,False
86,0.188,False
87,0.375,False
88,0.188,False
89,0.062,False
90,0.188,False
91,0.375,False
92,0.062,False
93,0.188,False
94,0.375,False
95,0.312,False
96,0.250,False
97,0.188,False
98,0.312,False
99,0.250,False
100,0.125,False
101,0.438,False
102,0.125,False
103,0.125,False
104,0.250,False
105,0.438,False
106,0.438,False
107,0.250,False
108,0.188,False
109,0.375,False
110,0.312,False
111,0.188,False
112,0.312,False
113,0.125,False
114,0.188,False
115,0.125,False
116,0.188,False
117,0.125,False
118,0.188,False
119,0.250,False
120,0.312,False
121,0.188,False
122,0.312,False
123,0.188,False
124,0.250,False
125,0.125,False
126,0.125,False
127,0.125,False
128,0.188,False
129,0.188,False
130,0.375,False
131,0.250,False
132,0.125,False
133,0.188,False
134,0.250,False
135,0.062,False
136,0.000,False
137,0.312,False
138,0.250,False
139,0.188,False
140,0.250,False
141,0.188,False
142,0.250,False
143,0.188,False
144,0.312,False
145,0.250,False
146,0.375,False
147,0.188,False
148,0.188,False
149,0.312,False
150,0.250,False
151,0.000,False
152,0.250,False
153,0.250,False
154,0.062,False
155,0.188,False
156,0.375,False
157,0.188,False
158,0.188,False
159,0.188,False
160,0.438,False
161,0.438,False
162,0.250,False
163,0.125,False
164,0.062,False
165,0.125,False
166,0.188,False
167,0.188,False
168,0.062,False
169,0.125,False
170,0.438,False
171,0.188,False
172,0.188,False
173,0.188,False
174,0.000,False
175,0.062,False
176,0.125,False
177,0.250,False
178,0.250,False
179,0.125,False
180,0.438,False
181,0.250,False
182,0.125,False
183,0.125,False
184,0.250,False
185,0.250,False
186,0.375,False
187,0.125,False
188,0.062,False
189,0.250,False
190,0.500,False
191,0.125,False
192,0.062,False
193,0.188,False
194,0.438,False
195,0.125,False
196,0.312,False
197,0.312,False
198,0.062,False
199,0.188,False
200,0.188,False
201,0.312,False
202,0.312,False
203,0.125,False
204,0.250,False
205,0.375,False
206,0.188,False
207,0.312,False
208,0.062,False
209,0.312,False
210,0.062,False
211,0.188,False
212,0.125,False
213,0.562,False
214,0.188,False
215,0.312,False
216,0.125,False
217,0.250,False
218,0.250,False
219,0.188,False
220,0.188,False
221,0.250,False
222,0.312,False
223,0.312,False
224,0.125,False
225,0.438,False
226,0.062,False
227,0.188,False
228,0.188,False
229,0.438,False
230,0.375,False
231,0.312,False
232,0.188,False
233,0.562,False
234,0.312,False
235,0.375,False
236,0.250,False
237,0.375,False
238,0.188,False
239,0.125,False
240,0.312,False
241,0.250,False
242,0.062,False
243,0.188,False
244,0.125,False
245,0.250,False
246,0.500,False
247,0.250,False
248,0.125,False
249,0.312,False
250,0.188,False
251,0.312,False
252,0.312,False
253,0.125,False
254,0.312,False
255,0.062,False
256,0.125,False
257,0.500,False
258,0.188,False
259,0.000,False
260,0.188,False
261,0.375,False
262,0.500,False
263,0.125,False
264,0.062,False
265,0.312,False
266,0.375,False
267,0.250,False
268,0.438,False
269,0.312,False
270,0.188,False
271,0.250,False
272,0.062,False
273,0.312,False
274,0.438,False
275,0.125,False
276,0.125,False
277,0.375,False
278,0.188,False
279,0.125,False
280,0.375,False
281,0.125,False
282,0.312,False
283,0.438,False
284,0.062,False
285,0.125,False
286,0.562,False
287,0.188,False
288,0.188,False
289,0.375,False
290,0.125,False
291,0.125,False
292,0.188,False
293,0.188,False
294,0.500,False
295,0.188,False
296,0.312,False
297,0.000,False
298,0.125,False
299,0.312,False
300,0.250,False
301,0.125,False
302,0.188,False
303,0.062,False
304,0.062,False
305,0.000,False
306,0.250,False
307,0.000,False
308,0.312,False
309,0.062,False
310,0.125,False
311,0.250,False
312,0.062,False
313,0.000,False
314,0.375,False
315,0.312,False
316,0.250,False
317,0.188,False
318,0.312,False
319,0.125,False
320,0.312,False
321,0.250,False
322,0.125,False
323,0.250,False
324,0.250,False
325,0.312,False
326,0.312,False
327,0.125,False
328,0.375,False
329,0.312,False
330,0.375,False
331,0.062,False
332,0.000,False
333,0.188,False
334,0.188,False
335,0.375,False
336,0.188,False
337,0.188,False
338,0.312,False
339,0.188,False
340,0.438,False
341,0.188,False
342,0.062,False
343,0.375,False
344,0.188,False
345,0.312,False
346,0.188,False
347,0.125,False
348,0.500,False
349,0.375,False
350,0.062,False
351,0.188,False
352,0.188,False
353,0.062,False
354,0.125,False
355,0.000,False
356,0.188,False
357,0.125,False
358,0.250,False
359,0.375,False
360,0.125,False
361,0.250,False
362,0.312,False
363,0.125,False
364,0.125,False
365,0.562,False
366,0.250,False
367,0.125,False
368,0.125,False
369,0.250,False
370,0.062,False
371,0.438,False
372,0.000,False
373,0.438,False
374,0.312,False
375,0.125,False
376,0.375,False
377,0.438,False
378,0.375,False
379,0.188,False
380,0.250,False
381,0.125,False
382,0.188,False
383,0.125,False
384,0.375,False
385,0.375,False
386,0.188,False
387,0.250,False
388,0.438,False
389,0.375,False
390,0.188,False
391,0.375,False
392,0.125,False
393,0.375,False
394,0.125,False
395,0.125,False
396,0.312,False
397,0.125,False
398,0.188,False
399,0.125,False
400,0.062,False
401,0.188,False
402,0.125,False
403,0.188,False
404,0.000,False
405,0.125,False
406,0.250,False
407,0.250,False
408,0.062,False
409,0.125,False
410,0.188,False
411,0.312,False
412,0.125,False
413,0.062,False
414,0.250,False
415,0.250,False
416,0.188,False
417,0.125,False
418,0.125,False
419,0.062,False
420,0.375,False
421,0.062,False
422,0.438,False
423,0.188,False
424,0.000,False
425,0.250,False
426,0.750,False
427,0.375,False
428,0.250,False
429,0.062,False
430,0.375,False
431,0.188,False
432,0.188,False
433,0.000,False
434,0.312,False
435,0.312,False
436,0.312,False
437,0.375,False
438,0.312,False
439,0.125,False
440,0.188,False
441,0.125,False
442,0.250,False
443,0.125,False
444,0.125,False
445,0.188,False
446,0.125,False
447,0.312,False
448,0.188,False
449,0.125,False
450,0.312,False
451,0.188,False
452,0.125,False
453,0.250,False
454,0.125,False
455,0.250,False
456,0.125,False
457,0.062,False
458,0.375,False
459,0.250,False
460,0.125,False
461,0.375,False
462,0.125,False
463,0.500,False
464,0.188,False
465,0.062,False
466,0.250,False
467,0.375,False
468,0.375,False
469,0.125,False
470,0.125,False
471,0.250,False
472,0.375,False
473,0.250,False
474,0.188,False
475,0.250,False
476,0.188,False
477,0.250,False
478,0.125,False
479,0.250,False
480,0.000,False
481,0.500,False
482,0.375,False
483,0.500,False
484,0.312,False
485,0.062,False
486,0.188,False
487,0.125,False
488,0.062,False
489,0.375,False
490,0.312,False
491,0.188,False
492,0.375,False
493,0.125,False
494,0.188,False
495,0.375,False
496,0.125,False
497,0.125,False
498,0.250,False
499,0.062,False
500,0.062,False
501,0.125,False
502,0.312,False
503,0.375,False
504,0.250,False
505,0.188,False
506,0.188,False
507,0.188,False
508,0.062,False
509,0.125,False
510,0.062,False
511,0.250,False
512,0.250,False
513,0.250,False
514,0.000,False
515,0.125,False
516,0.250,False
517,0.312,False
518,0.188,False
519,0.125,False
520,0.250,False
521,0.125,False
522,0.312,False
523,0.312,False
524,0.188,False
525,0.312,False
526,0.125,False
527,0.125,False
528,0.250,False
529,0.188,False
530,0.375,False
531,0.312,False
532,0.250,False
533,0.125,False
534,0.062,False
535,0.000,False
536,0.000,False
537,0.188,False
538,0.312,False
539,0.375,False
540,0.250,False
541,0.125,False
542,0.188,False
543,0.000,False
544,0.312,False
545,0.312,False
546,0.250,False
547,0.375,False
548,0.125,False
549,0.312,False
550,0.062,False
551,0.500,False
552,0.188,False
553,0.250,False
554,0.188,False
555,0.000,False
556,0.188,False
557,0.375,False
558,0.188,False
559,0.125,False
560,0.250,False
561,0.125,False
562,0.125,False
563,0.062,False
564,0.125,False
565,0.250,False
566,0.312,False
567,0.250,False
568,0.562,False
569,0.188,False
570,0.312,False
571,0.062,False
572,0.188,False
573,0.062,False
574,0.188,False
575,0.188,False
576,0.250,False
577,0.312,False
578,0.062,False
579,0.062,False
580,0.625,False
581,0.188,False
582,0.250,False
583,0.500,False
584,0.438,False
585,0.062,False
586,0.250,False
587,0.312,False
588,0.312,False
589,0.188,False
590,0.125,False
591,0.188,False
592,0.250,False
593,0.062,False
594,0.125,False
595,0.250,False
596,0.188,False
597,0.312,False
598,0.250,False
599,0.188,False
600,0.188,False
601,0.188,False
602,0.062,False
603,0.250,False
604,0.188,False
605,0.188,False
606,0.375,False
607,0.250,False
608,0.188,False
609,0.250,False
610,0.188,False
611,0.312,False
612,0.312,False
613,0.375,False
614,0.250,False
615,0.062,False
616,0.188,False
617,0.188,False
618,0.188,False
619,0.125,False
620,0.062,False
621,0.312,False
622,0.250,False
623,0.062,False
624,0.188,False
625,0.438,False
626,0.125,False
627,0.125,False
628,0.188,False
629,0.125,False
630,0.188,False
631,0.125,False
632,0.312,False
633,0.188,False
634,0.312,False
635,0.188,False
636,0.188,False
637,0.125,False
638,0.000,False
639,0.188,False
640,0.125,False
641,0.250,False
642,0.250,False
643,0.188,False
644,0.188,False
645,0.375,False
646,0.312,False
647,0.375,False
648,0.375,False
649,0.250,False
650,0.312,False
651,0.062,False
652,0.250,False
653,0.438,False
654,0.500,False
655,0.188,False
656,0.438,False
657,0.250,False
658,0.250,False
659,0.250,False
660,0.312,False
661,0.312,False
662,0.250,False
663,0.188,False
664,0.062,False
665,0.250,False
666,0.375,False
667,0.125,False
668,0.375,False
669,0.375,False
670,0.188,False
671,0.250,False
672,0.125,False
673,0.250,False
674,0.125,False
675,0.125,False
676,0.250,False
677,0.125,False
678,0.375,False
679,0.125,False
680,0.375,False
681,0.438,False
682,0.062,False
683,0.250,False
684,0.250,False
685,0.062,False
686,0.125,False
687,0.312,False
688,0.062,False
689,0.250,False
690,0.062,False
691,0.250,False
692,0.188,False
693,0.125,False
694,0.250,False
695,0.188,False
696,0.250,False
697,0.438,False
698,0.188,False
699,0.250,False
700,0.125,False
701,0.188,False
702,0.062,False
703,0.000,False
704,0.312,False
705,0.250,False
706,0.125,False
707,0.062,False
708,0.188,False
709,0.438,False
710,0.062,False
711,0.312,False
712,0.062,False
713,0.125,False
714,0.000,False
715,0.062,False
716,0.188,False
717,0.500,False
718,0.125,False
719,0.000,False
720,0.312,False
721,0.250,False
722,0.125,False
723,0.188,False
724,0.125,False
725,0.188,False
726,0.000,False
727,0.062,False
728,0.312,False
729,0.250,False
730,0.375,False
731,0.250,False
732,0.312,False
733,0.500,False
734,0.125,False
735,0.375,False
736,0.000,False
737,0.250,False
738,0.188,False
739,0.125,False
740,0.188,False
741,0.312,False
742,0.125,False
743,0.125,False
744,0.250,False
745,0.375,False
746,0.312,False
747,0.250,False
748,0.312,False
749,0.312,False
750,0.375,False
751,0.188,False
752,0.188,False
753,0.312,False
754,0.312,False
755,0.500,False
756,0.125,False
757,0.312,False
758,0.125,False
759,0.312,False
760,0.250,False
761,0.188,False
762,0.125,False
763,0.312,False
764,0.438,False
765,0.500,False
766,0.125,False
767,0.188,False
768,0.312,False
769,0.250,False
770,0.188,False
771,0.250,False
772,0.125,False
773,0.250,False
774,0.438,False
775,0.188,False
776,0.062,False
777,0.250,False
778,0.312,False
779,0.188,False
780,0.000,False
781,0.188,False
782,0.250,False
783,0.062,False
784,0.125,False
785,0.125,False
786,0.250,False
787,0.312,False
788,0.250,False
789,0.312,False
790,0.188,False
791,0.250,False
792,0.250,False
793,0.188,False
794,0.438,False
795,0.125,False
796,0.312,False
797,0.062,False
798,0.375,False
799,0.250,False
800,0.250,False
801,0.250,False
802,0.188,False
803,0.188,False
804,0.125,False
805,0.250,False
806,0.125,False
807,0.062,False
808,0.125,False
809,0.375,False
810,0.062,False
811,0.500,False
812,0.188,False
813,0.125,False
814,0.312,False
815,0.250,False
816,0.312,False
817,0.188,False
818,0.125,False
819,0.062,False
820,0.125,False
821,0.250,False
822,0.188,False
823,0.125,False
824,0.125,False
825,0.375,False
826,0.188,False
827,0.125,False
828,0.125,False
829,0.188,False
830,0.250,False
831,0.062,False
832,0.125,False
833,0.438,False
834,0.312,False
835,0.125,False
836,0.062,False
837,0.312,False
838,0.188,False
839,0.188,False
840,0.125,False
841,0.375,False
842,0.188,False
843,0.188,False
844,0.438,False
845,0.250,False
846,0.438,False
847,0.188,False
848,0.125,False
849,0.188,False
850,0.062,False
851,0.062,False
852,0.312,False
853,0.312,False
854,0.125,False
855,0.250,False
856,0.250,False
857,0.125,False
858,0.062,False
859,0.312,False
860,0.188,False
861,0.000,False
862,0.312,False
863,0.062,False
864,0.375,False
865,0.188,False
866,0.250,False
867,0.188,False
868,0.375,False
869,0.062,False
870,0.062,False
871,0.312,False
872,0.312,False
873,0.188,False
874,0.312,False
875,0.125,False
876,0.250,False
877,0.250,False
878,0.062,False
879,0.125,False
880,0.062,False
881,0.312,False
882,0.250,False
883,0.062,False
884,0.250,False
885,0.062,False
886,0.188,False
887,0.188,False
888,0.125,False
889,0.188,False
890,0.250,False
891,0.125,False
892,0.500,False
893,0.250,False
894,0.125,False
895,0.375,False
896,0.250,False
897,0.062,False
898,0.125,False
899,0.188,False
900,0.125,False
901,0.250,False
902,0.562,False
903,0.250,False
904,0.125,False
905,0.062,False
906,0.250,False
907,0.312,False
908,0.062,False
909,0.250,False
910,0.188,False
911,0.188,False
912,0.312,False
913,0.125,False
914,0.562,False
915,0.375,False
916,0.250,False
917,0.125,False
918,0.250,False
919,0.250,False
920,0.188,False
921,0.188,False
922,0.188,False
923,0.125,False
924,0.188,False
925,0.312,False
926,0.250,False
927,0.312,False
928,0.188,False
929,0.188,False
930,0.312,False
931,0.125,False
932,0.188,False
933,0.188,False
934,0.438,False
935,0.250,False
936,0.188,False
937,0.312,False
938,0.375,False
939,0.250,False
940,0.000,False
941,0.375,False
942,0.312,False
943,0.375,False
944,0.375,False
945,0.188,False
946,0.188,False
947,0.250,False
948,0.375,False
949,0.250,False
950,0.188,False
951,0.188,False
952,0.375,False
953,0.375,False
954,0.188,False
955,0.188,False
956,0.062,False
957,0.438,False
958,0.125,False
959,0.250,False
960,0.125,False
961,0.312,False
962,0.062,False
963,0.375,False
964,0.188,False
965,0.375,False
966,0.188,False
967,0.312,False
968,0.125,False
969,0.250,False
970,0.438,False
971,0.188,False
972,0.250,False
973,0.250,False
974,0.250,False
975,0.438,False
976,0.250,False
977,0.000,False
978,0.250,False
979,0.438,False
980,0.062,False
981,0.125,False
982,0.250,False
983,0.188,False
984,0.125,False
985,0.188,False
986,0.312,False
987,0.188,False
988,0.188,False
989,0.188,False
990,0.438,False
991,0.188,False
992,0.250,False
993,0.188,False
994,0.125,False
995,0.312,False
996,0.062,False
997,0.062,False
998,0.062,False
999,0.562,False
1000,0.188,False
1001,0.438,False
1002,0.125,False
1003,0.062,False
1004,0.250,False
1005,0.125,False
1006,0.125,False
1007,0.000,False
1008,0.188,False
1009,0.188,False
1010,0.438,False
1011,0.125,False
1012,0.375,False
1013,0.250,False
1014,0.125,False
1015,0.250,False
1016,0.188,False
1017,0.125,False
1018,0.125,False
1019,0.562,False
1020,0.312,False
1021,0.188,False
1022,0.312,False
1023,0.375,False
1024,0.188,False
1025,0.375,False
1026,0.312,False
1027,0.250,False
1028,0.250,False
1029,0.375,False
1030,0.312,False
1031,0.250,False
1032,0.250,False
1033,0.438,False
1034,0.125,False
1035,0.188,False
1036,0.188,False
1037,0.188,False
1038,0.188,False
1039,0.188,False
1040,0.375,False
1041,0.438,False
1042,0.562,False
1043,0.125,False
1044,0.188,False
1045,0.188,False
1046,0.312,False
1047,0.250,False
1048,0.188,False
1049,0.188,False
1050,0.188,False
1051,0.125,False
1052,0.062,False
1053,0.250,False
1054,0.062,False
1055,0.312,False
1056,0.125,False
1057,0.250,False
1058,0.188,False
1059,0.375,False
1060,0.188,False
1061,0.188,False
1062,0.500,False
1063,0.125,False
1064,0.312,False
1065,0.188,False
1066,0.125,False
1067,0.188,False
1068,0.500,False
1069,0.250,False
1070,0.125,False
1071,0.188,False
1072,0.188,False
1073,0.062,False
1074,0.062,False
1075,0.125,False
1076,0.188,False
1077,0.375,False
1078,0.375,False
1079,0.188,False
1080,0.438,False
1081,0.125,False
1082,0.250,False
1083,0.438,False
1084,0.125,False
1085,0.125,False
1086,0.312,False
1087,0.375,False
1088,0.250,False
1089,0.000,False
1090,0.250,False
1091,0.188,False
1092,0.312,False
1093,0.188,False
1094,0.125,False
1095,0.250,False
1096,0.188,False
1097,0.062,False
1098,0.250,False
1099,0.375,False
1100,0.312,False
1101,0.250,False
1102,0.312,False
1103,0.125,False
1104,0.312,False
1105,0.250,False
1106,0.188,False
1107,0.188,False
1108,0.000,False
1109,0.188,False
1110,0.188,False
1111,0.062,False
1112,0.125,False
1113,0.312,False
1114,0.188,False
1115,0.188,False
1116,0.188,False
1117,0.625,False
1118,0.125,False
1119,0.125,False
1120,0.188,False
1121,0.250,False
1122,0.188,False
1123,0.438,False
1124,0.250,False
1125,0.312,False
1126,0.438,False
1127,0.125,False
1128,0.062,False
1129,0.250,False
1130,0.125,False
1131,0.125,False
1132,0.188,False
1133,0.438,False
1134,0.188,False
1135,0.125,False
1136,0.438,False
1137,0.250,False
1138,0.062,False
1139,0.125,False
1140,0.250,False
1141,0.000,False
1142,0.250,False
1143,0.062,False
1144,0.250,False
1145,0.562,False
1146,0.250,False
1147,0.250,False
1148,0.438,False
1149,0.188,False
1150,0.312,False
1151,0.188,False
1152,0.438,False
1153,0.062,False
1154,0.188,False
1155,0.250,False
1156,0.000,False
1157,0.125,False
1158,0.250,False
1159,0.438,False
1160,0.125,False
1161,0.125,False
1162,0.062,False
1163,0.062,False
1164,0.188,False
1165,0.188,False
1166,0.312,False
1167,0.250,False
1168,0.312,False
1169,0.250,False
1170,0.312,False
1171,0.125,False
1172,0.125,False
1173,0.375,False
1174,0.125,False
1175,0.062,False
1176,0.438,False
1177,0.125,False
1178,0.312,False
1179,0.125,False
1180,0.375,False
1181,0.188,False
1182,0.188,False
1183,0.312,False
1184,0.125,False
1185,0.312,False
1186,0.062,False
1187,0.312,False
1188,0.312,False
1189,0.312,False
1190,0.062,False
1191,0.125,False
1192,0.125,False
1193,0.250,False
1194,0.375,False
1195,0.062,False
1196,0.250,False
1197,0.250,False
1198,0.188,False
1199,0.312,False
1200,0.500,False
1201,0.312,False
1202,0.250,False
1203,0.250,False
1204,0.188,False
1205,0.312,False
1206,0.375,False
1207,0.125,False
1208,0.125,False
1209,0.312,False
1210,0.375,False
1211,0.062,False
1212,0.188,False
1213,0.125,False
1214,0.188,False
1215,0.188,False
1216,0.188,False
1217,0.125,False
1218,0.250,False
1219,0.125,False
1220,0.438,False
1221,0.188,False
1222,0.375,False
1223,0.062,False
1224,0.125,False
1225,0.250,False
1226,0.125,False
1227,0.125,False
1228,0.375,False
1229,0.188,False
1230,0.250,False
1231,0.250,False
1232,0.188,False
1233,0.062,False
1234,0.188,False
1235,0.062,False
1236,0.125,False
1237,0.062,False
1238,0.000,False
1239,0.188,False
1240,0.312,False
1241,0.188,False
1242,0.125,False
1243,0.250,False
1244,0.250,False
1245,0.250,False
1246,0.000,False
1247,0.062,False
1248,0.312,False
1249,0.250,False
1250,0.250,False
1251,0.188,False
1252,0.312,False
1253,0.250,False
1254,0.125,False
1255,0.188,False
1256,0.125,False
1257,0.625,False
1258,0.188,False
1259,0.250,False
1260,0.250,False
1261,0.062,False
1262,0.250,False
1263,0.062,False
1264,0.250,False
1265,0.312,False
1266,0.250,False
1267,0.125,False
1268,0.062,False
1269,0.000,False
1270,0.375,False
1271,0.250,False
1272,0.062,False
1273,0.188,False
1274,0.188,False
1275,0.000,False
1276,0.188,False
1277,0.312,False
1278,0.500,False
1279,0.125,False
1280,0.125,False
1281,0.125,False
1282,0.188,False
1283,0.375,False
1284,0.062,False
1285,0.062,False
1286,0.250,False
1287,0.062,False
1288,0.375,False
1289,0.188,False
1290,0.375,False
1291,0.125,False
1292,0.125,False
1293,0.188,False
1294,0.188,False
1295,0.125,False
1296,0.312,False
1297,0.312,False
1298,0.188,False
1299,0.500,False
1300,0.125,False
1301,0.188,False
1302,0.375,False
1303,0.250,False
1304,0.250,False
1305,0.062,False
1306,0.062,False
1307,0.188,False
1308,0.000,False
1309,0.062,False
1310,0.250,False
1311,0.250,False
1312,0.312,False
1313,0.062,False
1314,0.188,False
1315,0.250,False
1316,0.250,False
1317,0.125,False
1318,0.250,False
1319,0.375,False
1320,0.188,False
1321,0.312,False
1322,0.125,False
1323,0.438,False
1324,0.438,False
1325,0.188,False
1326,0.000,False
1327,0.062,False
1328,0.188,False
1329,0.000,False
1330,0.125,False
1331,0.188,False
1332,0.125,False
1333,0.125,False
1334,0.250,False
1335,0.312,False
1336,0.312,False
1337,0.562,False
1338,0.375,False
1339,0.188,False
1340,0.250,False
1341,0.312,False
1342,0.188,False
1343,0.250,False
1344,0.000,False
1345,0.062,False
1346,0.312,False
1347,0.062,False
1348,0.188,False
1349,0.312,False
1350,0.250,False
1351,0.125,False
1352,0.250,False
1353,0.125,False
1354,0.438,False
1355,0.312,False
1356,0.312,False
1357,0.125,False
1358,0.250,False
1359,0.062,False
1360,0.062,False
1361,0.250,False
1362,0.062,False
1363,0.062,False
1364,0.250,False
1365,0.312,False
1366,0.188,False
1367,0.188,False
1368,0.250,False
1369,0.062,False
1370,0.062,False
1371,0.000,False
1372,0.375,False
1373,0.500,False
1374,0.062,False
1375,0.062,False
1376,0.125,False
1377,0.250,False
1378,0.250,False
1379,0.062,False
1380,0.188,False
1381,0.188,False
1382,0.250,False
1383,0.312,False
1384,0.375,False
1385,0.125,False
1386,0.062,False
1387,0.250,False
1388,0.312,False
1389,0.062,False
1390,0.250,False
1391,0.250,False
1392,0.125,False
1393,0.188,False
1394,0.188,False
1395,0.562,False
1396,0.188,False
1397,0.312,False
1398,0.250,False
1399,0.125,False
1400,0.000,False
1401,0.188,False
1402,0.375,False
1403,0.250,False
1404,0.000,False
1405,0.312,False
1406,0.250,False
1407,0.188,False
1408,0.062,False
1409,0.250,False
1410,0.250,False
1411,0.062,False
1412,0.375,False
1413,0.375,False
1414,0.188,False
1415,0.188,False
1416,0.125,False
1417,0.188,False
1418,0.188,False
1419,0.250,False
1420,0.250,False
1421,0.312,False
1422,0.312,False
1423,0.250,False
1424,0.375,False
1425,0.125,False
1426,0.188,False
1427,0.188,False
1428,0.375,False
1429,0.188,False
1430,0.250,False
1431,0.188,False
1432,0.125,False
1433,0.125,False
1434,0.375,False
1435,0.312,False
1436,0.312,False
1437,0.188,False
1438,0.125,False
1439,0.188,False
1440,0.250,False
1441,0.125,False
1442,0.688,False
1443,0.250,False
1444,0.062,False
1445,0.188,False
1446,0.375,False
1447,0.375,False
1448,0.188,False
1449,0.062,False
1450,0.125,False
1451,0.125,False
1452,0.312,False
1453,0.250,False
1454,0.062,False
1455,0.000,False
1456,0.125,False
1457,0.250,False
1458,0.062,False
1459,0.188,False
1460,0.188,False
1461,0.188,False
1462,0.125,False
1463,0.125,False
1464,0.188,False
1465,0.312,False
1466,0.062,False
1467,0.062,False
1468,0.250,False
1469,0.375,False
1470,0.375,False
1471,0.188,False
1472,0.312,False
1473,0.062,False
1474,0.062,False
1475,0.250,False
1476,0.562,False
1477,0.188,False
1478,0.062,False
1479,0.312,False
1480,0.250,False
1481,0.250,False
1482,0.312,False
1483,0.188,False
1484,0.188,False
1485,0.250,False
1486,0.125,False
1487,0.188,False
1488,0.188,False
1489,0.188,False
1490,0.062,False
1491,0.312,False
1492,0.125,False
1493,0.188,False
1494,0.062,False
1495,0.062,False
1496,0.188,False
1497,0.375,False
1498,0.375,False
1499,0.312,False
1500,0.375,False
1501,0.250,False
1502,0.188,False
1503,0.312,False
1504,0.188,False
1505,0.188,False
1506,0.312,False
1507,0.312,False
1508,0.188,False
1509,0.125,False
1510,0.312,False
1511,0.125,False
1512,0.312,False
1513,0.125,False
1514,0.312,False
1515,0.250,False
1516,0.062,False
1517,0.438,False
1518,0.125,False
1519,0.188,False
1520,0.375,False
1521,0.312,False
1522,0.375,False
1523,0.375,False
1524,0.312,False
1525,0.312,False
1526,0.250,False
1527,0.188,False
1528,0.188,False
1529,0.438,False
1530,0.125,False
1531,0.125,False
1532,0.312,False
1533,0.312,False
1534,0.188,False
1535,0.000,False
1536,0.375,False
1537,0.188,False
1538,0.000,False
1539,0.250,False
1540,0.188,False
1541,0.375,False
1542,0.375,False
1543,0.188,False
1544,0.062,False
1545,0.375,False
1546,0.312,False
1547,0.125,False
1548,0.188,False
1549,0.250,False
1550,0.375,False
1551,0.500,False
1552,0.250,False
1553,0.188,False
1554,0.312,False
1555,0.312,False
1556,0.188,False
1557,0.125,False
1558,0.312,False
1559,0.125,False
1560,0.375,False
1561,0.188,False
1562,0.438,False
1563,0.375,False
1564,0.250,False
1565,0.250,False
1566,0.250,False
1567,0.188,False
1568,0.125,False
1569,0.250,False
1570,0.188,False
1571,0.312,False
1572,0.500,False
1573,0.188,False
1574,0.312,False
1575,0.375,False
1576,0.375,False
1577,0.188,False
1578,0.250,False
1579,0.125,False
1580,0.000,False
1581,0.000,False
1582,0.125,False
1583,0.188,False
1584,0.188,False
1585,0.125,False
1586,0.188,False
1587,0.250,False
1588,0.250,False
1589,0.250,False
1590,0.312,False
1591,0.188,False
1592,0.125,False
1593,0.125,False
1594,0.312,False
1595,0.125,False
1596,0.000,False
1597,0.250,False
1598,0.125,False
1599,0.125,False
1600,0.062,False
1601,0.312,False
1602,0.188,False
1603,0.250,False
1604,0.062,False
1605,0.312,False
1606,0.188,False
1607,0.062,False
1608,0.250,False
1609,0.000,False
1610,0.125,False
1611,0.312,False
1612,0.188,False
1613,0.250,False
1614,0.500,False
1615,0.188,False
1616,0.062,False
1617,0.312,False
1618,0.188,False
1619,0.188,False
1620,0.375,False
1621,0.250,False
1622,0.312,False
1623,0.312,False
1624,0.125,False
1625,0.250,False
1626,0.188,False
1627,0.250,False
1628,0.312,False
1629,0.312,False
1630,0.250,False
1631,0.250,False
1632,0.312,False
1633,0.312,False
1634,0.125,False
1635,0.125,False
1636,0.250,False
1637,0.250,False
1638,0.250,False
1639,0.375,False
1640,0.250,False
1641,0.250,False
1642,0.375,False
1643,0.188,False
1644,0.125,False
1645,0.375,False
1646,0.312,False
1647,0.375,False
1648,0.188,False
1649,0.125,False
1650,0.000,False
1651,0.312,False
1652,0.250,False
1653,0.250,False
1654,0.125,False
1655,0.500,False
1656,0.062,False
1657,0.375,False
1658,0.312,False
1659,0.125,False
1660,0.438,False
1661,0.500,False
1662,0.312,False
1663,0.125,False
1664,0.312,False
1665,0.250,False
1666,0.188,False
1667,0.312,False
1668,0.188,False
1669,0.500,False
1670,0.125,False
1671,0.375,False
1672,0.125,False
1673,0.250,False
1674,0.125,False
1675,0.562,False
1676,0.188,False
1677,0.125,False
1678,0.062,False
1679,0.062,False
1680,0.062,False
1681,0.312,False
1682,0.188,False
1683,0.375,False
1684,0.188,False
1685,0.188,False
1686,0.062,False
1687,0.250,False
1688,0.188,False
1689,0.062,False
1690,0.188,False
1691,0.188,False
1692,0.125,False
1693,0.250,False
1694,0.062,False
1695,0.312,False
1696,0.188,False
1697,0.250,False
1698,0.188,False
1699,0.188,False
1700,0.375,False
1701,0.375,False
1702,0.312,False
1703,0.188,False
1704,0.188,False
1705,0.125,False
1706,0.250,False
1707,0.375,False
1708,0.062,False
1709,0.125,False
1710,0.438,False
1711,0.188,False
1712,0.250,False
1713,0.250,False
1714,0.188,False
1715,0.188,False
1716,0.250,False
1717,0.125,False
1718,0.125,False
1719,0.188,False
1720,0.188,False
1721,0.375,False
1722,0.312,False
1723,0.438,False
1724,0.062,False
1725,0.125,False
1726,0.250,False
1727,0.062,False
1728,0.188,False
1729,0.750,False
1730,0.188,False
1731,0.125,False
1732,0.125,False
1733,0.312,False
1734,0.312,False
1735,0.062,False
1736,0.312,False
1737,0.188,False
1738,0.312,False
1739,0.062,False
1740,0.188,False
1741,0.312,False
1742,0.312,False
1743,0.188,False
1744,0.375,False
1745,0.250,False
1746,0.250,False
1747,0.250,False
1748,0.188,False
1749,0.062,False
1750,0.312,False
1751,0.188,False
1752,0.312,False
1753,0.188,False
1754,0.062,False
1755,0.000,False
1756,0.375,False
1757,0.188,False
1758,0.250,False
1759,0.188,False
1760,0.125,False
1761,0.125,False
1762,0.000,False
1763,0.250,False
1764,0.188,False
1765,0.188,False
1766,0.438,False
1767,0.125,False
1768,0.500,False
1769,0.250,False
1770,0.188,False
1771,0.188,False
1772,0.250,False
1773,0.438,False
1774,0.188,False
1775,0.188,False
1776,0.375,False
1777,0.375,False
1778,0.562,False
1779,0.062,False
1780,0.000,False
1781,0.250,False
1782,0.438,False
1783,0.500,False
1784,0.125,False
1785,0.000,False
1786,0.250,False
1787,0.188,False
1788,0.250,False
1789,0.250,False
1790,0.188,False
1791,0.125,False
1792,0.125,False
1793,0.312,False
1794,0.062,False
1795,0.375,False
1796,0.188,False
1797,0.312,False
1798,0.188,False
1799,0.250,False
1800,0.125,False
1801,0.062,False
1802,0.188,False
1803,0.125,False
1804,0.062,False
1805,0.125,False
1806,0.125,False
1807,0.000,False
1808,0.062,False
1809,0.250,False
1810,0.062,False
1811,0.438,False
1812,0.188,False
1813,0.188,False
1814,0.562,False
1815,0.062,False
1816,0.125,False
1817,0.438,False
1818,0.312,False
1819,0.250,False
1820,0.375,False
1821,0.188,False
1822,0.250,False
1823,0.375,False
1824,0.188,False
1825,0.500,False
1826,0.188,False
1827,0.250,False
1828,0.312,False
1829,0.188,False
1830,0.250,False
1831,0.062,False
1832,0.188,False
1833,0.250,False
1834,0.250,False
1835,0.375,False
1836,0.188,False
1837,0.312,False
1838,0.250,False
1839,0.188,False
1840,0.188,False
1841,0.062,False
1842,0.188,False
1843,0.125,False
1844,0.438,False
1845,0.250,False
1846,0.188,False
1847,0.000,False
1848,0.312,False
1849,0.438,False
1850,0.188,False
1851,0.188,False
1852,0.125,False
1853,0.125,False
1854,0.250,False
1855,0.188,False
1856,0.312,False
1857,0.250,False
1858,0.312,False
1859,0.312,False
1860,0.125,False
1861,0.188,False
1862,0.312,False
1863,0.062,False
1864,0.375,False
1865,0.375,False
1866,0.375,False
1867,0.250,False
1868,0.125,False
1869,0.188,False
1870,0.312,False
1871,0.312,False
1872,0.188,False
1873,0.125,False
1874,0.375,False
1875,0.125,False
1876,0.062,False
1877,0.188,False
1878,0.375,False
1879,0.312,False
1880,0.312,False
1881,0.125,False
1882,0.312,False
1883,0.312,False
1884,0.188,False
1885,0.062,False
1886,0.062,False
1887,0.188,False
1888,0.188,False
1889,0.062,False
1890,0.250,False
1891,0.188,False
1892,0.062,False
1893,0.125,False
1894,0.250,False
1895,0.188,False
1896,0.375,False
1897,0.250,False
1898,0.375,False
1899,0.125,False
1900,0.188,False
1901,0.312,False
1902,0.375,False
1903,0.438,False
1904,0.125,False
1905,0.062,False
1906,0.250,False
1907,0.062,False
1908,0.125,False
1909,0.188,False
1910,0.125,False
1911,0.250,False
1912,0.125,False
1913,0.062,False
1914,0.500,False
1915,0.125,False
1916,0.312,False
1917,0.125,False
1918,0.250,False
1919,0.062,False
1920,0.125,False
1921,0.188,False
1922,0.125,False
1923,0.125,False
1924,0.250,False
1925,0.125,False
1926,0.125,False
1927,0.375,False
1928,0.188,False
1929,0.188,False
1930,0.062,False
1931,0.250,False
1932,0.250,False
1933,0.188,False
1934,0.250,False
1935,0.125,False
1936,0.125,False
1937,0.438,False
1938,0.125,False
1939,0.438,False
1940,0.000,False
1941,0.250,False
1942,0.375,False
1943,0.375,False
1944,0.188,False
1945,0.125,False
1946,0.438,False
1947,0.312,False
1948,0.250,False
1949,0.125,False
1950,0.188,False
1951,0.250,False
1952,0.312,False
1953,0.000,False
1954,0.375,False
1955,0.188,False
1956,0.125,False
1957,0.125,False
1958,0.125,False
1959,0.062,False
1960,0.062,False
1961,0.312,False
1962,0.125,False
1963,0.375,False
1964,0.375,False
1965,0.312,False
1966,0.125,False
1967,0.062,False
1968,0.125,False
1969,0.125,False
1970,0.250,False
1971,0.188,False
1972,0.500,False
1973,0.125,False
1974,0.375,False
1975,0.125,False
1976,0.188,False
1977,0.312,False
1978,0.188,False
1979,0.188,False
1980,0.250,False
1981,0.188,False
1982,0.250,False
1983,0.188,False
1984,0.438,False
1985,0.188,False
1986,0.250,False
1987,0.125,False
1988,0.125,False
1989,0.312,False
1990,0.438,False
1991,0.500,False
1992,0.250,False
1993,0.188,False
1994,0.188,False
1995,0.562,False
1996,0.250,False
1997,0.250,False
1998,0.312,False
1999,0.125,False
2000,0.062,False
2001,0.125,False
2002,0.375,False
2003,0.125,False
2004,0.312,False
2005,0.312,False
2006,0.250,False
2007,0.500,False
2008,0.250,False
2009,0.000,False
2010,0.312,False
2011,0.375,False
2012,0.250,False
2013,0.062,False
2014,0.375,False
2015,0.188,False
2016,0.312,False
2017,0.125,False
2018,0.312,False
2019,0.062,False
2020,0.375,False
2021,0.375,False
2022,0.250,False
2023,0.125,False
2024,0.312,False
2025,0.188,False
2026,0.312,False
2027,0.188,False
2028,0.312,False
2029,0.312,False
2030,0.125,False
2031,0.125,False
2032,0.438,False
2033,0.375,False
2034,0.125,False
2035,0.250,False
2036,0.250,False
2037,0.312,False
2038,0.062,False
2039,0.062,False
2040,0.062,False
2041,0.062,False
2042,0.375,False
2043,0.125,False
2044,0.188,False
2045,0.250,False
2046,0.250,False
2047,0.375,False
2048,0.250,False
2049,0.250,False
2050,0.625,False
2051,0.312,False
2052,0.250,False
2053,0.375,False
2054,0.188,False
2055,0.438,False
2056,0.125,False
2057,0.438,False
2058,0.188,False
2059,0.062,False
2060,0.188,False
2061,0.312,False
2062,0.125,False
2063,0.188,False
2064,0.188,False
2065,0.125,False
2066,0.188,False
2067,0.250,False
2068,0.438,False
2069,0.250,False
2070,0.250,False
2071,0.125,False
2072,0.188,False
2073,0.188,False
2074,0.125,False
2075,0.062,False
2076,0.375,False
2077,0.125,False
2078,0.188,False
2079,0.250,False
2080,0.312,False
2081,0.188,False
2082,0.312,False
2083,0.250,False
2084,0.312,False
2085,0.062,False
2086,0.062,False
2087,0.000,False
2088,0.000,False
2089,0.250,False
2090,0.062,False
2091,0.250,False
2092,0.438,False
2093,0.188,False
2094,0.188,False
2095,0.312,False
2096,0.125,False
2097,0.312,False
2098,0.188,False
2099,0.188,False
2100,0.312,False
2101,0.188,False
2102,0.125,False
2103,0.312,False
2104,0.375,False
2105,0.000,False
2106,0.375,False
2107,0.188,False
2108,0.188,False
2109,0.500,False
2110,0.188,False
2111,0.312,False
2112,0.188,False
2113,0.188,False
2114,0.250,False
2115,0.312,False
2116,0.500,False
2117,0.500,False
2118,0.375,False
2119,0.250,False
2120,0.438,False
2121,0.000,False
2122,0.375,False
2123,0.125,False
2124,0.312,False
2125,0.188,False
2126,0.188,False
2127,0.500,False
2128,0.500,False
2129,0.250,False
2130,0.125,False
2131,0.375,False
2132,0.188,False
2133,0.312,False
2134,0.125,False
2135,0.125,False
2136,0.188,False
2137,0.062,False
2138,0.188,False
2139,0.438,False
2140,0.062,False
2141,0.312,False
2142,0.062,False
2143,0.312,False
2144,0.312,False
2145,0.250,False
2146,0.125,False
2147,0.125,False
2148,0.250,False
2149,0.188,False
2150,0.188,False
2151,0.188,False
2152,0.188,False
2153,0.375,False
2154,0.188,False
2155,0.125,False
2156,0.250,False
2157,0.250,False
2158,0.188,False
2159,0.250,False
2160,0.125,False
2161,0.250,False
2162,0.312,False
2163,0.250,False
2164,0.375,False
2165,0.188,False
2166,0.250,False
2167,0.250,False
2168,0.188,False
2169,0.125,False
2170,0.250,False
2171,0.125,False
2172,0.500,False
2173,0.188,False
2174,0.250,False
2175,0.375,False
2176,0.125,False
2177,0.312,False
2178,0.188,False
2179,0.188,False
2180,0.438,False
2181,0.062,False
2182,0.188,False
2183,0.250,False
2184,0.062,False
2185,0.312,False
2186,0.250,False
2187,0.125,False
2188,0.250,False
2189,0.438,False
2190,0.250,False
2191,0.625,False
2192,0.125,False
2193,0.062,False
2194,0.250,False
2195,0.125,False
2196,0.188,False
2197,0.188,False
2198,0.000,False
2199,0.250,False
2200,0.312,False
2201,0.250,False
2202,0.312,False
2203,0.125,False
2204,0.250,False
2205,0.125,False
2206,0.250,False
2207,0.375,False
2208,0.188,False
2209,0.562,False
2210,0.438,False
2211,0.500,False
2212,0.125,False
2213,0.375,False
2214,0.062,False
2215,0.250,False
2216,0.375,False
2217,0.188,False
2218,0.125,False
2219,0.125,False
2220,0.312,False
2221,0.125,False
2222,0.438,False
2223,0.125,False
2224,0.125,False
2225,0.000,False
2226,0.250,False
2227,0.125,False
2228,0.250,False
2229,0.250,False
2230,0.250,False
2231,0.375,False
2232,0.312,False
2233,0.250,False
2234,0.000,False
2235,0.250,False
2236,0.312,False
2237,0.438,False
2238,0.062,False
2239,0.375,False
2240,0.312,False
2241,0.062,False
2242,0.062,False
2243,0.250,False
2244,0.438,False
2245,0.438,False
2246,0.375,False
2247,0.312,False
2248,0.125,False
2249,0.062,False
2250,0.188,False
2251,0.062,False
2252,0.250,False
2253,0.125,False
2254,0.000,False
2255,0.062,False
2256,0.125,False
2257,0.438,False
2258,0.188,False
2259,0.188,False
2260,0.125,False
2261,0.188,False
2262,0.438,False
2263,0.000,False
2264,0.188,False
2265,0.312,False
2266,0.125,False
2267,0.188,False
2268,0.438,False
2269,0.188,False
2270,0.312,False
2271,0.250,False
2272,0.375,False
2273,0.062,False
2274,0.188,False
2275,0.188,False
2276,0.500,False
2277,0.062,False
2278,0.250,False
2279,0.188,False
2280,0.250,False
2281,0.312,False
2282,0.250,False
2283,0.250,False
2284,0.188,False
2285,0.188,False
2286,0.188,False
2287,0.062,False
2288,0.125,False
2289,0.000,False
2290,0.062,False
2291,0.375,False
2292,0.375,False
2293,0.312,False
2294,0.188,False
2295,0.375,False
2296,0.188,False
2297,0.062,False
2298,0.500,False
2299,0.250,False
2300,0.250,False
2301,0.188,False
2302,0.188,False
2303,0.000,False
2304,0.375,False
2305,0.188,False
2306,0.125,False
2307,0.438,False
2308,0.312,False
2309,0.188,False
2310,0.125,False
2311,0.438,False
2312,0.250,False
2313,0.062,False
2314,0.188,False
2315,0.312,False
2316,0.125,False
2317,0.125,False
2318,0.250,False
2319,0.000,False
2320,0.250,False
2321,0.062,False
2322,0.312,False
2323,0.125,False
2324,0.062,False
2325,0.062,False
2326,0.125,False
2327,0.000,False
2328,0.125,False
2329,0.188,False
2330,0.375,False
2331,0.125,False
2332,0.188,False
2333,0.125,False
2334,0.375,False
2335,0.188,False
2336,0.125,False
2337,0.375,False
2338,0.000,False
2339,0.312,False
2340,0.750,False
2341,0.250,False
2342,0.312,False
2343,0.312,False
2344,0.250,False
2345,0.250,False
2346,0.000,False
2347,0.312,False
2348,0.312,False
2349,0.125,False
2350,0.312,False
2351,0.000,False
2352,0.125,False
2353,0.062,False
2354,0.062,False
2355,0.188,False
2356,0.125,False
2357,0.188,False
2358,0.312,False
2359,0.125,False
2360,0.125,False
2361,0.188,False
2362,0.062,False
2363,0.188,False
2364,0.250,False
2365,0.375,False
2366,0.062,False
2367,0.188,False
2368,0.125,False
2369,0.188,False
2370,0.312,False
2371,0.375,False
2372,0.375,False
2373,0.250,False
2374,0.312,False
2375,0.312,False
2376,0.250,False
2377,0.250,False
2378,0.375,False
2379,0.250,False
2380,0.125,False
2381,0.250,False
2382,0.188,False
2383,0.250,False
2384,0.188,False
2385,0.250,False
2386,0.188,False
2387,0.188,False
2388,0.188,False
2389,0.188,False
2390,0.125,False
2391,0.125,False
2392,0.500,False
2393,0.188,False
2394,0.250,False
2395,0.250,False
2396,0.188,False
2397,0.125,False
2398,0.125,False
2399,0.188,False
2400,0.188,False
2401,0.312,False
2402,0.125,False
2403,0.188,False
2404,0.000,False
2405,0.188,False
2406,0.188,False
2407,0.062,False
2408,0.125,False
2409,0.250,False
2410,0.188,False
2411,0.188,False
2412,0.250,False
2413,0.125,False
2414,0.250,False
2415,0.188,False
2416,0.312,False
2417,0.250,False
2418,0.250,False
2419,0.375,False
2420,0.062,False
2421,0.125,False
2422,0.250,False
2423,0.188,False
2424,0.125,False
2425,0.000,False
2426,0.250,False
2427,0.188,False
2428,0.125,False
2429,0.125,False
2430,0.000,False
2431,0.438,False
2432,0.312,False
2433,0.062,False
2434,0.250,False
2435,0.312,False
2436,0.188,False
2437,0.250,False
2438,0.125,False
2439,0.250,False
2440,0.188,False
2441,0.062,False
2442,0.312,False
2443,0.000,False
2444,0.250,False
2445,0.312,False
2446,0.375,False
2447,0.375,False
2448,0.125,False
2449,0.250,False
2450,0.250,False
2451,0.188,False
2452,0.188,False
2453,0.312,False
2454,0.062,False
2455,0.312,False
2456,0.062,False
2457,0.250,False
2458,0.375,False
2459,0.188,False
2460,0.312,False
2461,0.312,False
2462,0.250,False
2463,0.250,False
2464,0.312,False
2465,0.375,False
2466,0.438,False
2467,0.312,False
2468,0.188,False
2469,0.188,False
2470,0.250,False
2471,0.375,False
2472,0.125,False
2473,0.312,False
2474,0.250,False
2475,0.250,False
2476,0.062,False
2477,0.188,False
2478,0.125,False
2479,0.250,False
2480,0.062,False
2481,0.188,False
2482,0.188,False
2483,0.188,False
2484,0.062,False
2485,0.375,False
2486,0.250,False
2487,0.562,False
2488,0.188,False
2489,0.438,False
2490,0.188,False
2491,0.125,False
2492,0.188,False
2493,0.125,False
2494,0.000,False
2495,0.125,False
2496,0.125,False
2497,0.250,False
2498,0.250,False
2499,0.312,False
2500,0.250,False
2501,0.375,False
2502,0.000,False
2503,0.375,False
2504,0.375,False
2505,0.500,False
2506,0.062,False
2507,0.375,False
2508,0.250,False
2509,0.125,False
2510,0.062,False
2511,0.250,False
2512,0.250,False
2513,0.312,False
2514,0.438,False
2515,0.125,False
2516,0.125,False
2517,0.062,False
2518,0.000,False
2519,0.125,False
2520,0.375,False
2521,0.250,False
2522,0.188,False
2523,0.125,False
2524,0.375,False
2525,0.250,False
2526,0.062,False
2527,0.250,False
2528,0.125,False
2529,0.312,False
2530,0.625,False
2531,0.188,False
2532,0.250,False
2533,0.438,False
2534,0.062,False
2535,0.250,False
2536,0.250,False
2537,0.062,False
2538,0.375,False
2539,0.250,False
2540,0.250,False
2541,0.250,False
2542,0.438,False
2543,0.250,False
2544,0.188,False
2545,0.188,False
2546,0.125,False
2547,0.312,False
2548,0.250,False
2549,0.062,False
2550,0.250,False
2551,0.188,False
2552,0.250,False
2553,0.562,False
2554,0.312,False
2555,0.312,False
2556,0.625,False
2557,0.250,False
2558,0.250,False
2559,0.312,False
2560,0.375,False
2561,0.188,False
2562,0.438,False
2563,0.438,False
2564,0.375,False
2565,0.250,False
2566,0.062,False
2567,0.438,False
2568,0.375,False
2569,0.188,False
2570,0.188,False
2571,0.188,False
2572,0.125,False
2573,0.188,False
2574,0.188,False
2575,0.062,False
2576,0.125,False
2577,0.125,False
2578,0.250,False
2579,0.125,False
2580,0.375,False
2581,0.312,False
2582,0.250,False
2583,0.188,False
2584,0.312,False
2585,0.125,False
2586,0.188,False
2587,0.188,False
2588,0.250,False
2589,0.125,False
2590,0.250,False
2591,0.125,False
2592,0.188,False
2593,0.062,False
2594,0.250,False
2595,0.125,False
2596,0.250,False
2597,0.062,False
2598,0.188,False
2599,0.188,False
2600,0.438,False
2601,0.188,False
2602,0.312,False
2603,0.250,False
2604,0.312,False
2605,0.250,False
2606,0.188,False
2607,0.125,False
2608,0.188,False
2609,0.250,False
2610,0.250,False
2611,0.312,False
2612,0.125,False
2613,0.250,False
2614,0.125,False
2615,0.125,False
2616,0.000,False
2617,0.250,False
2618,0.062,False
2619,0.250,False
2620,0.188,False
2621,0.438,False
2622,0.375,False
2623,0.125,False
2624,0.438,False
2625,0.312,False
2626,0.125,False
2627,0.062,False
2628,0.438,False
2629,0.000,False
2630,0.312,False
2631,0.125,False
2632,0.250,False
2633,0.375,False
2634,0.375,False
2635,0.000,False
2636,0.125,False
2637,0.312,False
2638,0.312,False
2639,0.062,False
2640,0.188,False
2641,0.125,False
2642,0.062,False
2643,0.188,False
2644,0.250,False
2645,0.375,False
2646,0.188,False
2647,0.500,False
2648,0.125,False
2649,0.188,False
2650,0.188,False
2651,0.250,False
2652,0.375,False
2653,0.438,False
2654,0.000,False
2655,0.188,False
2656,0.125,False
2657,0.188,False
2658,0.125,False
2659,0.000,False
2660,0.312,False
2661,0.062,False
2662,0.188,False
2663,0.125,False
2664,0.562,False
2665,0.062,False
2666,0.188,False
2667,0.375,False
2668,0.312,False
2669,0.188,False
2670,0.188,False
2671,0.125,False
2672,0.188,False
2673,0.188,False
2674,0.062,False
2675,0.312,False
2676,0.250,False
2677,0.312,False
2678,0.188,False
2679,0.375,False
2680,0.375,False
2681,0.000,False
2682,0.438,False
2683,0.250,False
2684,0.500,False
2685,0.062,False
2686,0.250,False
2687,0.312,False
2688,0.375,False
2689,0.250,False
2690,0.000,False
2691,0.312,False
2692,0.062,False
2693,0.062,False
2694,0.188,False
2695,0.375,False
2696,0.188,False
2697,0.250,False
2698,0.250,False
2699,0.188,False
2700,0.250,False
2701,0.062,False
2702,0.062,False
2703,0.125,False
2704,0.125,False
2705,0.500,False
2706,0.062,False
2707,0.188,False
2708,0.375,False
2709,0.188,False
2710,0.125,False
2711,0.250,False
2712,0.250,False
2713,0.062,False
2714,0.312,False
2715,0.438,False
2716,0.188,False
2717,0.250,False
2718,0.125,False
2719,0.188,False
2720,0.188,False
2721,0.188,False
2722,0.375,False
2723,0.312,False
2724,0.250,False
2725,0.500,False
2726,0.188,False
2727,0.188,False
2728,0.250,False
2729,0.125,False
2730,0.125,False
2731,0.188,False
2732,0.062,False
2733,0.500,False
2734,0.250,False
2735,0.312,False
2736,0.250,False
2737,0.438,False
2738,0.062,False
2739,0.250,False
2740,0.188,False
2741,0.062,False
2742,0.312,False
2743,0.188,False
2744,0.250,False
2745,0.188,False
2746,0.188,False
2747,0.500,False
2748,0.188,False
2749,0.188,False
2750,0.062,False
2751,0.438,False
2752,0.250,False
2753,0.125,False
2754,0.125,False
2755,0.188,False
2756,0.000,False
2757,0.250,False
2758,0.438,False
2759,0.125,False
2760,0.312,False
2761,0.188,False
2762,0.250,False
2763,0.125,False
2764,0.250,False
2765,0.188,False
2766,0.500,False
2767,0.188,False
2768,0.188,False
2769,0.000,False
2770,0.250,False
2771,0.312,False
2772,0.188,False
2773,0.250,False
2774,0.500,False
2775,0.312,False
2776,0.188,False
2777,0.188,False
2778,0.188,False
2779,0.312,False
2780,0.500,False
2781,0.125,False
2782,0.062,False
2783,0.312,False
2784,0.125,False
2785,0.125,False
2786,0.000,False
2787,0.562,False
2788,0.125,False
2789,0.000,False
2790,0.375,False
2791,0.312,False
2792,0.125,False
2793,0.125,False
2794,0.375,False
2795,0.375,False
2796,0.062,False
2797,0.375,False
2798,0.250,False
2799,0.250,False
2800,0.375,False
2801,0.188,False
2802,0.188,False
2803,0.125,False
2804,0.312,False
2805,0.188,False
2806,0.250,False
2807,0.312,False
2808,0.375,False
2809,0.750,False
2810,0.250,False
2811,0.312,False
2812,0.125,False
2813,0.062,False
2814,0.125,False
2815,0.188,False
2816,0.188,False
2817,0.062,False
2818,0.062,False
2819,0.250,False
2820,0.312,False
2821,0.375,False
2822,0.188,False
2823,0.250,False
2824,0.188,False
2825,0.188,False
2826,0.375,False
2827,0.062,False
2828,0.375,False
2829,0.250,False
2830,0.188,False
2831,0.625,False
2832,0.312,False
2833,0.125,False
2834,0.000,False
2835,0.125,False
2836,0.062,False
2837,0.250,False
2838,0.375,False
2839,0.062,False
2840,0.312,False
2841,0.062,False
2842,0.312,False
2843,0.125,False
2844,0.312,False
2845,0.188,False
2846,0.188,False
2847,0.062,False
2848,0.188,False
2849,0.312,False
2850,0.250,False
2851,0.188,False
2852,0.375,False
2853,0.375,False
2854,0.188,False
2855,0.438,False
2856,0.062,False
2857,0.312,False
2858,0.125,False
2859,0.312,False
2860,0.312,False
2861,0.250,False
2862,0.062,False
2863,0.375,False
2864,0.188,False
2865,0.125,False
2866,0.188,False
2867,0.188,False
2868,0.250,False
2869,0.062,False
2870,0.125,False
2871,0.250,False
2872,0.438,False
2873,0.062,False
2874,0.188,False
2875,0.375,False
2876,0.250,False
2877,0.188,False
2878,0.125,False
2879,0.188,False
2880,0.250,False
2881,0.250,False
2882,0.250,False
2883,0.375,False
2884,0.312,False
2885,0.188,False
2886,0.250,False
2887,0.188,False
2888,0.125,False
2889,0.125,False
2890,0.250,False
2891,0.188,False
2892,0.125,False
2893,0.500,False
2894,0.312,False
2895,0.312,False
2896,0.250,False
2897,0.188,False
2898,0.250,False
2899,0.312,False
2900,0.125,False
2901,0.438,False
2902,0.188,False
2903,0.188,False
2904,0.250,False
2905,0.188,False
2906,0.062,False
2907,0.125,False
2908,0.188,False
2909,0.375,False
2910,0.062,False
2911,0.125,False
2912,0.312,False
2913,0.250,False
2914,0.125,False
2915,0.062,False
2916,0.250,False
2917,0.375,False
2918,0.125,False
2919,0.125,False
2920,0.062,False
2921,0.188,False
2922,0.312,False
2923,0.188,False
2924,0.000,False
2925,0.250,False
2926,0.188,False
2927,0.250,False
2928,0.125,False
2929,0.312,False
2930,0.375,False
2931,0.250,False
2932,0.500,False
2933,0.375,False
2934,0.125,False
2935,0.062,False
2936,0.250,False
2937,0.312,False
2938,0.688,False
2939,0.062,False
2940,0.000,False
2941,0.250,False
2942,0.188,False
2943,0.125,False
2944,0.125,False
2945,0.250,False
2946,0.375,False
2947,0.438,False
2948,0.375,False
2949,0.062,False
2950,0.500,False
2951,0.125,False
2952,0.312,False
2953,0.000,False
2954,0.312,False
2955,0.125,False
2956,0.125,False
2957,0.125,False
2958,0.188,False
2959,0.062,False
2960,0.312,False
2961,0.438,False
2962,0.125,False
2963,0.188,False
2964,0.188,False
2965,0.312,False
2966,0.188,False
2967,0.312,False
2968,0.125,False
2969,0.188,False
2970,0.125,False
2971,0.312,False
2972,0.375,False
2973,0.188,False
2974,0.188,False
2975,0.188,False
2976,0.375,False
2977,0.188,False
2978,0.250,False
2979,0.500,False
2980,0.000,False
2981,0.125,False
2982,0.188,False
2983,0.062,False
2984,0.125,False
2985,0.188,False
2986,0.062,False
2987,0.188,False
2988,0.312,False
2989,0.062,False
2990,0.062,False
2991,0.125,False
2992,0.250,False
2993,0.250,False
2994,0.188,False
2995,0.188,False
2996,0.062,False
2997,0.375,False
2998,0.500,False
2999,0.125,False
3000,0.125,False
3001,0.312,False
3002,0.125,False
3003,0.125,False
3004,0.062,False
3005,0.250,False
3006,0.188,False
3007,0.062,False
3008,0.125,False
3009,0.250,False
3010,0.312,False
3011,0.125,False
3012,0.250,False
3013,0.250,False
3014,0.250,False
3015,0.125,False
3016,0.312,False
3017,0.250,False
3018,0.375,False
3019,0.125,False
3020,0.062,False
3021,0.312,False
3022,0.188,False
3023,0.188,False
3024,0.312,False
3025,0.125,False
3026,0.125,False
3027,0.250,False
3028,0.188,False
3029,0.438,False
3030,0.375,False
3031,0.250,False
3032,0.375,False
3033,0.188,False
3034,0.125,False
3035,0.062,False
3036,0.062,False
3037,0.188,False
3038,0.062,False
3039,0.312,False
3040,0.062,False
3041,0.188,False
3042,0.312,False
3043,0.250,False
3044,0.188,False
3045,0.188,False
3046,0.188,False
3047,0.250,False
3048,0.125,False
3049,0.312,False
3050,0.312,False
3051,0.312,False
3052,0.188,False
3053,0.312,False
3054,0.312,False
3055,0.312,False
3056,0.250,False
3057,0.188,False
3058,0.438,False
3059,0.125,False
3060,0.312,False
3061,0.250,False
3062,0.250,False
3063,0.312,False
3064,0.188,False
3065,0.125,False
3066,0.312,False
3067,0.312,False
3068,0.125,False
3069,0.375,False
3070,0.188,False
3071,0.188,False
3072,0.250,False
3073,0.188,False
3074,0.250,False
3075,0.250,False
3076,0.312,False
3077,0.250,False
3078,0.188,False
3079,0.250,False
3080,0.250,False
3081,0.125,False
3082,0.125,False
3083,0.250,False
3084,0.125,False
3085,0.188,False
3086,0.188,False
3087,0.250,False
3088,0.250,False
3089,0.062,False
3090,0.062,False
3091,0.312,False
3092,0.375,False
3093,0.125,False
3094,0.125,False
3095,0.250,False
3096,0.188,False
3097,0.250,False
3098,0.125,False
3099,0.000,False
3100,0.375,False
3101,0.125,False
3102,0.188,False
3103,0.500,False
3104,0.375,False
3105,0.125,False
3106,0.188,False
3107,0.188,False
3108,0.188,False
3109,0.125,False
3110,0.188,False
3111,0.125,False
3112,0.312,False
3113,0.375,False
3114,0.188,False
3115,0.062,False
3116,0.125,False
3117,0.250,False
3118,0.188,False
3119,0.438,False
3120,0.312,False
3121,0.062,False
3122,0.062,False
3123,0.125,False
3124,0.188,False
3125,0.312,False
3126,0.188,False
3127,0.250,False
3128,0.188,False
3129,0.125,False
3130,0.375,False
3131,0.250,False
3132,0.188,False
3133,0.188,False
3134,0.125,False
3135,0.188,False
3136,0.250,False
3137,0.188,False
3138,0.375,False
3139,0.312,False
3140,0.125,False
3141,0.625,False
3142,0.125,False
3143,0.312,False
3144,0.125,False
3145,0.375,False
3146,0.062,False
3147,0.062,False
3148,0.188,False
3149,0.312,False
3150,0.250,False
3151,0.250,False
3152,0.125,False
3153,0.125,False
3154,0.188,False
3155,0.062,False
3156,0.250,False
3157,0.188,False
3158,0.188,False
3159,0.312,False
3160,0.125,False
3161,0.062,False
3162,0.312,False
3163,0.188,False
3164,0.188,False
3165,0.125,False
3166,0.312,False
3167,0.250,False
3168,0.312,False
3169,0.125,False
3170,0.125,False
3171,0.312,False
3172,0.062,False
3173,0.062,False
3174,0.312,False
3175,0.250,False
3176,0.062,False
3177,0.312,False
3178,0.188,False
3179,0.188,False
3180,0.250,False
3181,0.125,False
3182,0.250,False
3183,0.062,False
3184,0.188,False
3185,0.125,False
3186,0.062,False
3187,0.250,False
3188,0.188,False
3189,0.188,False
3190,0.250,False
3191,0.250,False
3192,0.375,False
3193,0.125,False
3194,0.375,False
3195,0.438,False
3196,0.062,False
3197,0.188,False
3198,0.062,False
3199,0.438,False
3200,0.250,False
3201,0.438,False
3202,0.250,False
3203,0.125,False
3204,0.125,False
3205,0.062,False
3206,0.125,False
3207,0.375,False
3208,0.125,False
3209,0.250,False
3210,0.000,False
3211,0.062,False
3212,0.188,False
3213,0.312,False
3214,0.125,False
3215,0.250,False
3216,0.562,False
3217,0.125,False
3218,0.125,False
3219,0.062,False
3220,0.125,False
3221,0.438,False
3222,0.125,False
3223,0.188,False
3224,0.125,False
3225,0.438,False
3226,0.188,False
3227,0.625,False
3228,0.250,False
3229,0.250,False
3230,0.250,False
3231,0.062,False
3232,0.375,False
3233,0.188,False
3234,0.375,False
3235,0.500,False
3236,0.188,False
3237,0.250,False
3238,0.312,False
3239,0.188,False
3240,0.188,False
3241,0.375,False
3242,0.438,False
3243,0.250,False
3244,0.188,False
3245,0.250,False
3246,0.188,False
3247,0.125,False
3248,0.250,False
3249,0.250,False
3250,0.188,False
3251,0.062,False
3252,0.000,False
3253,0.125,False
3254,0.438,False
3255,0.188,False
3256,0.375,False
3257,0.188,False
3258,0.250,False
3259,0.375,False
3260,0.375,False
3261,0.250,False
3262,0.312,False
3263,0.438,False
3264,0.250,False
3265,0.250,False
3266,0.188,False
3267,0.500,False
3268,0.062,False
3269,0.125,False
3270,0.062,False
3271,0.125,False
3272,0.375,False
3273,0.250,False
3274,0.062,False
3275,0.188,False
3276,0.125,False
3277,0.375,False
3278,0.250,False
3279,0.000,False
3280,0.312,False
3281,0.125,False
3282,0.250,False
3283,0.375,False
3284,0.062,False
3285,0.312,False
3286,0.375,False
3287,0.062,False
3288,0.188,False
3289,0.125,False
3290,0.188,False
3291,0.188,False
3292,0.312,False
3293,0.375,False
3294,0.250,False
3295,0.250,False
3296,0.438,False
3297,0.375,False
3298,0.312,False
3299,0.062,False
3300,0.125,False
3301,0.312,False
3302,0.188,False
3303,0.188,False
3304,0.188,False
3305,0.250,False
3306,0.312,False
3307,0.188,False
3308,0.000,False
3309,0.438,False
3310,0.250,False
3311,0.125,False
3312,0.250,False
3313,0.375,False
3314,0.125,False
3315,0.312,False
3316,0.375,False
3317,0.375,False
3318,0.188,False
3319,0.250,False
3320,0.250,False
3321,0.125,False
3322,0.062,False
3323,0.125,False
3324,0.188,False
3325,0.125,False
3326,0.375,False
3327,0.250,False
3328,0.125,False
3329,0.062,False
3330,0.250,False
3331,0.062,False
3332,0.438,False
3333,0.375,False
3334,0.188,False
3335,0.062,False
3336,0.125,False
3337,0.375,False
3338,0.312,False
3339,0.125,False
3340,0.438,False
3341,0.125,False
3342,0.062,False
3343,0.188,False
3344,0.125,False
3345,0.062,False
3346,0.500,False
3347,0.062,False
3348,0.062,False
3349,0.250,False
3350,0.000,False
3351,0.438,False
3352,0.250,False
3353,0.375,False
3354,0.188,False
3355,0.125,False
3356,0.125,False
3357,0.312,False
3358,0.125,False
3359,0.062,False
3360,0.188,False
3361,0.188,False
3362,0.125,False
3363,0.125,False
3364,0.312,False
3365,0.125,False
3366,0.188,False
3367,0.438,False
3368,0.125,False
3369,0.125,False
3370,0.000,False
3371,0.188,False
3372,0.375,False
3373,0.125,False
3374,0.312,False
3375,0.188,False
3376,0.312,False
3377,0.250,False
3378,0.188,False
3379,0.250,False
3380,0.312,False
3381,0.125,False
3382,0.062,False
3383,0.188,False
3384,0.375,False
3385,0.125,False
3386,0.188,False
3387,0.188,False
3388,0.125,False
3389,0.188,False
3390,0.500,False
3391,0.312,False
3392,0.125,False
3393,0.125,False
3394,0.250,False
3395,0.250,False
3396,0.125,False
3397,0.062,False
3398,0.188,False
3399,0.250,False
3400,0.125,False
3401,0.312,False
3402,0.188,False
3403,0.125,False
3404,0.062,False
3405,0.125,False
3406,0.250,False
3407,0.438,False
3408,0.250,False
3409,0.562,False
3410,0.125,False
3411,0.250,False
3412,0.062,False
3413,0.312,False
3414,0.375,False
3415,0.312,False
3416,0.250,False
3417,0.250,False
3418,0.062,False
3419,0.188,False
3420,0.250,False
3421,0.062,False
3422,0.250,False
3423,0.062,False
3424,0.000,False
3425,0.312,False
3426,0.312,False
3427,0.125,False
3428,0.312,False
3429,0.125,False
3430,0.188,False
3431,0.125,False
3432,0.438,False
3433,0.312,False
3434,0.375,False
3435,0.312,False
3436,0.188,False
3437,0.125,False
3438,0.125,False
3439,0.062,False
3440,0.125,False
3441,0.250,False
3442,0.250,False
3443,0.125,False
3444,0.375,False
3445,0.250,False
3446,0.062,False
3447,0.250,False
3448,0.125,False
3449,0.188,False
3450,0.125,False
3451,0.125,False
3452,0.250,False
3453,0.250,False
3454,0.312,False
3455,0.250,False
3456,0.188,False
3457,0.375,False
3458,0.125,False
3459,0.188,False
3460,0.250,False
3461,0.250,False
3462,0.312,False
3463,0.250,False
3464,0.125,False
3465,0.188,False
3466,0.125,False
3467,0.188,False
3468,0.188,False
3469,0.188,False
3470,0.250,False
3471,0.062,False
3472,0.312,False
3473,0.125,False
3474,0.312,False
3475,0.375,False
3476,0.125,False
3477,0.250,False
3478,0.188,False
3479,0.312,False
3480,0.062,False
3481,0.062,False
3482,0.312,False
3483,0.375,False
3484,0.125,False
3485,0.188,False
3486,0.062,False
3487,0.125,False
3488,0.125,False
3489,0.125,False
3490,0.062,False
3491,0.125,False
3492,0.000,False
3493,0.250,False
3494,0.188,False
3495,0.062,False
3496,0.250,False
3497,0.188,False
3498,0.250,False
3499,0.000,False
3500,0.062,False
3501,0.250,False
3502,0.438,False
3503,0.125,False
3504,0.062,False
3505,0.125,False
3506,0.562,False
3507,0.375,False
3508,0.375,False
3509,0.188,False
3510,0.188,False
3511,0.250,False
3512,0.125,False
3513,0.438,False
3514,0.188,False
3515,0.250,False
3516,0.250,False
3517,0.125,False
3518,0.125,False
3519,0.312,False
3520,0.188,False
3521,0.125,False
3522,0.000,False
3523,0.125,False
3524,0.250,False
3525,0.312,False
3526,0.125,False
3527,0.375,False
3528,0.188,False
3529,0.250,False
3530,0.312,False
3531,0.000,False
3532,0.188,False
3533,0.312,False
3534,0.188,False
3535,0.250,False
3536,0.188,False
3537,0.375,False
3538,0.188,False
3539,0.500,False
3540,0.250,False
3541,0.188,False
3542,0.125,False
3543,0.062,False
3544,0.375,False
3545,0.125,False
3546,0.062,False
3547,0.250,False
3548,0.188,False
3549,0.062,False
3550,0.062,False
3551,0.125,False
3552,0.250,False
3553,0.062,False
3554,0.125,False
3555,0.125,False
3556,0.250,False
3557,0.250,False
3558,0.250,False
3559,0.250,False
3560,0.188,False
3561,0.312,False
3562,0.125,False
3563,0.312,False
3564,0.312,False
3565,0.375,False
3566,0.312,False
3567,0.438,False
3568,0.125,False
3569,0.062,False
3570,0.125,False
3571,0.188,False
3572,0.062,False
3573,0.125,False
3574,0.125,False
3575,0.250,False
3576,0.188,False
3577,0.188,False
3578,0.188,False
3579,0.062,False
3580,0.375,False
3581,0.125,False
3582,0.188,False
3583,0.062,False
3584,0.188,False
3585,0.062,False
3586,0.250,False
3587,0.125,False
3588,0.375,False
3589,0.188,False
3590,0.062,False
3591,0.375,False
3592,0.250,False
3593,0.125,False
3594,0.312,False
3595,0.125,False
3596,0.062,False
3597,0.125,False
3598,0.188,False
3599,0.312,False
3600,0.625,False
3601,0.250,False
3602,0.125,False
3603,0.125,False
3604,0.125,False
3605,0.062,False
3606,0.188,False
3607,0.062,False
3608,0.250,False
3609,0.188,False
3610,0.125,False
3611,0.125,False
3612,0.312,False
3613,0.125,False
3614,0.125,False
3615,0.188,False
3616,0.250,False
3617,0.188,False
3618,0.000,False
3619,0.250,False
3620,0.250,False
3621,0.188,False
3622,0.375,False
3623,0.250,False
3624,0.125,False
3625,0.250,False
3626,0.188,False
3627,0.438,False
3628,0.000,False
3629,0.188,False
3630,0.062,False
3631,0.125,False
3632,0.188,False
3633,0.125,False
3634,0.312,False
3635,0.062,False
3636,0.188,False
3637,0.188,False
3638,0.125,False
3639,0.375,False
3640,0.125,False
3641,0.438,False
3642,0.250,False
3643,0.500,False
3644,0.375,False
3645,0.188,False
3646,0.312,False
3647,0.312,False
3648,0.000,False
3649,0.000,False
3650,0.188,False
3651,0.125,False
3652,0.375,False
3653,0.125,False
3654,0.312,False
3655,0.250,False
3656,0.125,False
3657,0.250,False
3658,0.062,False
3659,0.062,False
3660,0.188,False
3661,0.062,False
3662,0.188,False
3663,0.188,False
3664,0.188,False
3665,0.062,False
3666,0.062,False
3667,0.188,False
3668,0.188,False
3669,0.062,False
3670,0.312,False
3671,0.125,False
3672,0.188,False
3673,0.250,False
3674,0.250,False
3675,0.188,False
3676,0.062,False
3677,0.188,False
3678,0.188,False
3679,0.375,False
3680,0.438,False
3681,0.188,False
3682,0.438,False
3683,0.125,False
3684,0.188,False
3685,0.188,False
3686,0.250,False
3687,0.188,False
3688,0.188,False
3689,0.188,False
3690,0.062,False
3691,0.250,False
3692,0.250,False
3693,0.188,False
3694,0.188,False
3695,0.188,False
3696,0.438,False
3697,0.188,False
3698,0.250,False
3699,0.188,False
3700,0.125,False
3701,0.125,False
3702,0.062,False
3703,0.062,False
3704,0.375,False
3705,0.625,False
3706,0.188,False
3707,0.250,False
3708,0.312,False
3709,0.062,False
3710,0.188,False
3711,0.438,False
3712,0.375,False
3713,0.188,False
3714,0.312,False
3715,0.062,False
3716,0.125,False
3717,0.375,False
3718,0.312,False
3719,0.188,False
3720,0.125,False
3721,0.375,False
3722,0.250,False
3723,0.188,False
3724,0.188,False
3725,0.062,False
3726,0.125,False
3727,0.000,False
3728,0.062,False
3729,0.250,False
3730,0.375,False
3731,0.125,False
3732,0.188,False
3733,0.375,False
3734,0.375,False
3735,0.188,False
3736,0.188,False
3737,0.188,False
3738,0.250,False
3739,0.188,False
3740,0.312,False
3741,0.125,False
3742,0.375,False
3743,0.188,False
3744,0.312,False
3745,0.250,False
3746,0.062,False
3747,0.125,False
3748,0.000,False
3749,0.312,False
3750,0.250,False
3751,0.188,False
3752,0.062,False
3753,0.500,False
3754,0.188,False
3755,0.125,False
3756,0.312,False
3757,0.062,False
3758,0.250,False
3759,0.375,False
3760,0.125,False
3761,0.312,False
3762,0.250,False
3763,0.312,False
3764,0.250,False
3765,0.312,False
3766,0.000,False
3767,0.500,False
3768,0.438,False
3769,0.312,False
3770,0.250,False
3771,0.250,False
3772,0.438,False
3773,0.375,False
3774,0.250,False
3775,0.125,False
3776,0.312,False
3777,0.312,False
3778,0.062,False
3779,0.188,False
3780,0.375,False
3781,0.188,False
3782,0.438,False
3783,0.250,False
3784,0.125,False
3785,0.188,False
3786,0.062,False
3787,0.250,False
3788,0.312,False
3789,0.062,False
3790,0.312,False
3791,0.250,False
3792,0.188,False
3793,0.375,False
3794,0.125,False
3795,0.000,False
3796,0.188,False
3797,0.188,False
3798,0.125,False
3799,0.375,False
3800,0.250,False
3801,0.188,False
3802,0.125,False
3803,0.188,False
3804,0.250,False
3805,0.125,False
3806,0.312,False
3807,0.250,False
3808,0.250,False
3809,0.250,False
3810,0.312,False
3811,0.250,False
3812,0.250,False
3813,0.188,False
3814,0.188,False
3815,0.250,False
3816,0.125,False
3817,0.125,False
3818,0.250,False
3819,0.062,False
3820,0.062,False
3821,0.375,False
3822,0.250,False
3823,0.062,False
3824,0.125,False
3825,0.375,False
3826,0.375,False
3827,0.125,False
3828,0.375,False
3829,0.125,False
3830,0.188,False
3831,0.188,False
3832,0.125,False
3833,0.188,False
3834,0.062,False
3835,0.250,False
3836,0.188,False
3837,0.125,False
3838,0.188,False
3839,0.062,False
3840,0.250,False
3841,0.250,False
3842,0.250,False
3843,0.250,False
3844,0.188,False
3845,0.125,False
3846,0.500,False
3847,0.188,False
3848,0.188,False
3849,0.188,False
3850,0.500,False
3851,0.438,False
3852,0.312,False
3853,0.250,False
3854,0.250,False
3855,0.250,False
3856,0.125,False
3857,0.375,False
3858,0.312,False
3859,0.125,False
3860,0.375,False
3861,0.000,False
3862,0.125,False
3863,0.500,False
3864,0.125,False
3865,0.062,False
3866,0.250,False
3867,0.125,False
3868,0.312,False
3869,0.062,False
3870,0.375,False
3871,0.312,False
3872,0.125,False
3873,0.125,False
3874,0.125,False
3875,0.062,False
3876,0.312,False
3877,0.312,False
3878,0.250,False
3879,0.250,False
3880,0.125,False
3881,0.375,False
3882,0.188,False
3883,0.500,False
3884,0.188,False
3885,0.250,False
3886,0.125,False
3887,0.188,False
3888,0.188,False
3889,0.250,False
3890,0.188,False
3891,0.250,False
3892,0.188,False
3893,0.125,False
3894,0.312,False
3895,0.312,False
3896,0.188,False
3897,0.125,False
3898,0.125,False
3899,0.125,False
3900,0.312,False
3901,0.125,False
3902,0.062,False
3903,0.438,False
3904,0.438,False
3905,0.250,False
3906,0.188,False
3907,0.125,False
3908,0.188,False
3909,0.312,False
3910,0.188,False
3911,0.188,False
3912,0.188,False
3913,0.125,False
3914,0.125,False
3915,0.125,False
3916,0.312,False
3917,0.250,False
3918,0.062,False
3919,0.312,False
3920,0.250,False
3921,0.250,False
3922,0.062,False
3923,0.188,False
3924,0.188,False
3925,0.250,False
3926,0.250,False
3927,0.438,False
3928,0.438,False
3929,0.250,False
3930,0.188,False
3931,0.312,False
3932,0.062,False
3933,0.188,False
3934,0.125,False
3935,0.312,False
3936,0.062,False
3937,0.375,False
3938,0.125,False
3939,0.375,False
3940,0.125,False
3941,0.312,False
3942,0.125,False
3943,0.125,False
3944,0.125,False
3945,0.375,False
3946,0.062,False
3947,0.312,False
3948,0.312,False
3949,0.125,False
3950,0.188,False
3951,0.625,False
3952,0.125,False
3953,0.250,False
3954,0.125,False
3955,0.125,False
3956,0.250,False
3957,0.375,False
3958,0.250,False
3959,0.250,False
3960,0.438,False
3961,0.188,False
3962,0.312,False
3963,0.188,False
3964,0.312,False
3965,0.188,False
3966,0.250,False
3967,0.188,False
3968,0.125,False
3969,0.250,False
3970,0.250,False
3971,0.062,False
3972,0.188,False
3973,0.188,False
3974,0.188,False
3975,0.312,False
3976,0.375,False
3977,0.188,False
3978,0.438,False
3979,0.188,False
3980,0.375,False
3981,0.125,False
3982,0.188,False
3983,0.188,False
3984,0.125,False
3985,0.125,False
3986,0.062,False
3987,0.500,False
3988,0.250,False
3989,0.125,False
3990,0.375,False
3991,0.188,False
3992,0.062,False
3993,0.250,False
3994,0.250,False
3995,0.188,False
3996,0.312,False
3997,0.375,False
3998,0.312,False
3999,0.062,False
4000,0.375,False
4001,0.125,False
4002,0.250,False
4003,0.188,False
4004,0.188,False
4005,0.250,False
4006,0.375,False
4007,0.438,False
4008,0.062,False
4009,0.188,False
4010,0.312,False
4011,0.250,False
4012,0.312,False
4013,0.312,False
4014,0.312,False
4015,0.250,False
4016,0.188,False
4017,0.125,False
4018,0.062,False
4019,0.188,False
4020,0.062,False
4021,0.312,False
4022,0.125,False
4023,0.250,False
4024,0.250,False
4025,0.250,False
4026,0.312,False
4027,0.125,False
4028,0.312,False
4029,0.438,False
4030,0.250,False
4031,0.375,False
4032,0.062,False
4033,0.062,False
4034,0.250,False
4035,0.188,False
4036,0.250,False
4037,0.438,False
4038,0.188,False
4039,0.438,False
4040,0.312,False
4041,0.188,False
4042,0.375,False
4043,0.125,False
4044,0.000,False
4045,0.062,False
4046,0.250,False
4047,0.188,False
4048,0.375,False
4049,0.250,False
4050,0.188,False
4051,0.250,False
4052,0.188,False
4053,0.250,False
4054,0.312,False
4055,0.500,False
4056,0.125,False
4057,0.125,False
4058,0.312,False
4059,0.000,False
4060,0.188,False
4061,0.250,False
4062,0.188,False
4063,0.125,False
4064,0.000,False
4065,0.188,False
4066,0.125,False
4067,0.250,False
4068,0.438,False
4069,0.188,False
4070,0.250,False
4071,0.312,False
4072,0.312,False
4073,0.375,False
4074,0.250,False
4075,0.062,False
4076,0.125,False
4077,0.188,False
4078,0.062,False
4079,0.062,False
4080,0.250,False
4081,0.188,False
4082,0.250,False
4083,0.125,False
4084,0.250,False
4085,0.250,False
4086,0.188,False
4087,0.375,False
4088,0.062,False
4089,0.375,False
4090,0.188,False
4091,0.250,False
4092,0.062,False
4093,0.250,False
4094,0.188,False
4095,0.312,False
4096,0.562,False
4097,0.250,False
4098,0.375,False
4099,0.125,False
4100,0.188,False
4101,0.062,False
4102,0.188,False
4103,0.188,False
4104,0.125,False
4105,0.125,False
4106,0.312,False
4107,0.312,False
4108,0.375,False
4109,0.312,False
4110,0.125,False
4111,0.438,False
4112,0.562,False
4113,0.250,False
4114,0.375,False
4115,0.500,False
4116,0.062,False
4117,0.188,False
4118,0.000,False
4119,0.125,False
4120,0.375,False
4121,0.312,False
4122,0.188,False
4123,0.438,False
4124,0.312,False
4125,0.062,False
4126,0.125,False
4127,0.438,False
4128,0.125,False
4129,0.062,False
4130,0.312,False
4131,0.625,False
4132,0.312,False
4133,0.312,False
4134,0.188,False
4135,0.062,False
4136,0.062,False
4137,0.312,False
4138,0.250,False
4139,0.250,False
4140,0.250,False
4141,0.375,False
4142,0.312,False
4143,0.250,False
4144,0.125,False
4145,0.188,False
4146,0.375,False
4147,0.062,False
4148,0.188,False
4149,0.125,False
4150,0.062,False
4151,0.375,False
4152,0.188,False
4153,0.188,False
4154,0.188,False
4155,0.312,False
4156,0.250,False
4157,0.500,False
4158,0.250,False
4159,0.062,False
4160,0.250,False
4161,0.312,False
4162,0.125,False
4163,0.250,False
4164,0.312,False
4165,0.250,False
4166,0.375,False
4167,0.188,False
4168,0.250,False
4169,0.188,False
4170,0.000,False
4171,0.312,False
4172,0.312,False
4173,0.438,False
4174,0.562,False
4175,0.438,False
4176,0.188,False
4177,0.188,False
4178,0.500,False
4179,0.375,False
4180,0.312,False
4181,0.062,False
4182,0.250,False
4183,0.250,False
4184,0.125,False
4185,0.312,False
4186,0.375,False
4187,0.312,False
4188,0.250,False
4189,0.188,False
4190,0.125,False
4191,0.312,False
4192,0.188,False
4193,0.312,False
4194,0.312,False
4195,0.188,False
4196,0.188,False
4197,0.375,False
4198,0.062,False
4199,0.312,False
4200,0.188,False
4201,0.375,False
4202,0.500,False
4203,0.125,False
4204,0.250,False
4205,0.188,False
4206,0.500,False
4207,0.250,False
4208,0.312,False
4209,0.125,False
4210,0.250,False
4211,0.062,False
4212,0.188,False
4213,0.250,False
4214,0.188,False
4215,0.188,False
4216,0.188,False
4217,0.125,False
4218,0.125,False
4219,0.375,False
4220,0.312,False
4221,0.500,False
4222,0.250,False
4223,0.250,False
4224,0.312,False
4225,0.062,False
4226,0.062,False
4227,0.375,False
4228,0.062,False
4229,0.312,False
4230,0.438,False
4231,0.312,False
4232,0.312,False
4233,0.188,False
4234,0.125,False
4235,0.188,False
4236,0.062,False
4237,0.188,False
4238,0.062,False
4239,0.188,False
4240,0.188,False
4241,0.188,False
4242,0.312,False
4243,0.438,False
4244,0.312,False
4245,0.375,False
4246,0.562,False
4247,0.375,False
4248,0.125,False
4249,0.125,False
4250,0.188,False
4251,0.250,False
4252,0.062,False
4253,0.000,False
4254,0.312,False
4255,0.062,False
4256,0.125,False
4257,0.312,False
4258,0.250,False
4259,0.188,False
4260,0.375,False
4261,0.250,False
4262,0.062,False
4263,0.312,False
4264,0.062,False
4265,0.125,False
4266,0.375,False
4267,0.188,False
4268,0.188,False
4269,0.250,False
4270,0.125,False
4271,0.188,False
4272,0.125,False
4273,0.438,False
4274,0.375,False
4275,0.250,False
4276,0.062,False
4277,0.188,False
4278,0.125,False
4279,0.062,False
4280,0.125,False
4281,0.375,False
4282,0.188,False
4283,0.500,False
4284,0.438,False
4285,0.062,False
4286,0.500,False
4287,0.188,False
4288,0.125,False
4289,0.500,False
4290,0.188,False
4291,0.062,False
4292,0.250,False
4293,0.375,False
4294,0.125,False
4295,0.125,False
4296,0.250,False
4297,0.188,False
4298,0.188,False
4299,0.188,False
4300,0.062,False
4301,0.250,False
4302,0.062,False
4303,0.312,False
4304,0.250,False
4305,0.062,False
4306,0.188,False
4307,0.188,False
4308,0.312,False
4309,0.188,False
4310,0.250,False
4311,0.250,False
4312,0.062,False
4313,0.188,False
4314,0.250,False
4315,0.250,False
4316,0.375,False
4317,0.312,False
4318,0.250,False
4319,0.062,False
4320,0.062,False
4321,0.250,False
4322,0.312,False
4323,0.062,False
4324,0.250,False
4325,0.188,False
4326,0.312,False
4327,0.375,False
4328,0.312,False
4329,0.125,False
4330,0.312,False
4331,0.062,False
4332,0.375,False
4333,0.250,False
4334,0.188,False
4335,0.312,False
4336,0.312,False
4337,0.312,False
4338,0.250,False
4339,0.438,False
4340,0.250,False
4341,0.188,False
4342,0.375,False
4343,0.125,False
4344,0.312,False
4345,0.312,False
4346,0.125,False
4347,0.125,False
4348,0.188,False
4349,0.188,False
4350,0.188,False
4351,0.312,False
4352,0.188,False
4353,0.188,False
4354,0.062,False
4355,0.438,False
4356,0.375,False
4357,0.312,False
4358,0.125,False
4359,0.375,False
4360,0.438,False
4361,0.500,False
4362,0.000,False
4363,0.125,False
4364,0.250,False
4365,0.188,False
4366,0.062,False
4367,0.188,False
4368,0.375,False
4369,0.312,False
4370,0.375,False
4371,0.250,False
4372,0.438,False
4373,0.062,False
4374,0.125,False
4375,0.000,False
4376,0.188,False
4377,0.125,False
4378,0.375,False
4379,0.188,False
4380,0.312,False
4381,0.125,False
4382,0.250,False
4383,0.250,False
4384,0.438,False
4385,0.125,False
4386,0.125,False
4387,0.250,False
4388,0.500,False
4389,0.312,False
4390,0.188,False
4391,0.125,False
4392,0.125,False
4393,0.312,False
4394,0.125,False
4395,0.188,False
4396,0.188,False
4397,0.125,False
4398,0.438,False
4399,0.375,False
4400,0.062,False
4401,0.250,False
4402,0.250,False
4403,0.188,False
4404,0.438,False
4405,0.375,False
4406,0.312,False
4407,0.125,False
4408,0.125,False
4409,0.188,False
4410,0.188,False
4411,0.438,False
4412,0.188,False
4413,0.438,False
4414,0.188,False
4415,0.312,False
4416,0.062,False
4417,0.125,False
4418,0.375,False
4419,0.250,False
4420,0.312,False
4421,0.125,False
4422,0.188,False
4423,0.312,False
4424,0.125,False
4425,0.250,False
4426,0.125,False
4427,0.062,False
4428,0.125,False
4429,0.125,False
4430,0.062,False
4431,0.438,False
4432,0.125,False
4433,0.250,False
4434,0.250,False
4435,0.000,False
4436,0.312,False
4437,0.062,False
4438,0.062,False
4439,0.125,False
4440,0.125,False
4441,0.188,False
4442,0.250,False
4443,0.625,False
4444,0.375,False
4445,0.312,False
4446,0.125,False
4447,0.188,False
4448,0.125,False
4449,0.250,False
4450,0.250,False
4451,0.375,False
4452,0.125,False
4453,0.125,False
4454,0.312,False
4455,0.250,False
4456,0.312,False
4457,0.250,False
4458,0.250,False
4459,0.688,False
4460,0.188,False
4461,0.062,False
4462,0.250,False
4463,0.188,False
4464,0.375,False
4465,0.312,False
4466,0.188,False
4467,0.188,False
4468,0.188,False
4469,0.250,False
4470,0.375,False
4471,0.375,False
4472,0.062,False
4473,0.188,False
4474,0.188,False
4475,0.312,False
4476,0.188,False
4477,0.188,False
4478,0.312,False
4479,0.500,False
4480,0.375,False
4481,0.250,False
4482,0.438,False
4483,0.625,False
4484,0.188,False
4485,0.125,False
4486,0.125,False
4487,0.188,False
4488,0.125,False
4489,0.188,False
4490,0.188,False
4491,0.312,False
4492,0.062,False
4493,0.125,False
4494,0.188,False
4495,0.438,False
4496,0.188,False
4497,0.250,False
4498,0.438,False
4499,0.438,False
4500,0.312,False
4501,0.375,False
4502,0.438,False
4503,0.438,False
4504,0.062,False
4505,0.062,False
4506,0.250,False
4507,0.500,False
4508,0.188,False
4509,0.125,False
4510,0.438,False
4511,0.188,False
4512,0.188,False
4513,0.062,False
4514,0.188,False
4515,0.312,False
4516,0.375,False
4517,0.188,False
4518,0.125,False
4519,0.188,False
4520,0.125,False
4521,0.188,False
4522,0.250,False
4523,0.062,False
4524,0.312,False
4525,0.125,False
4526,0.312,False
4527,0.062,False
4528,0.125,False
4529,0.312,False
4530,0.312,False
4531,0.312,False
4532,0.062,False
4533,0.312,False
4534,0.250,False
4535,0.188,False
4536,0.062,False
4537,0.062,False
4538,0.188,False
4539,0.312,False
4540,0.250,False
4541,0.125,False
4542,0.188,False
4543,0.188,False
4544,0.250,False
4545,0.188,False
4546,0.125,False
4547,0.125,False
4548,0.188,False
4549,0.188,False
4550,0.250,False
4551,0.312,False
4552,0.062,False
4553,0.250,False
4554,0.188,False
4555,0.375,False
4556,0.312,False
4557,0.188,False
4558,0.125,False
4559,0.188,False
4560,0.125,False
4561,0.062,False
4562,0.188,False
4563,0.125,False
4564,0.312,False
4565,0.500,False
4566,0.000,False
4567,0.125,False
4568,0.312,False
4569,0.312,False
4570,0.125,False
4571,0.375,False
4572,0.062,False
4573,0.250,False
4574,0.250,False
4575,0.062,False
4576,0.188,False
4577,0.188,False
4578,0.250,False
4579,0.125,False
4580,0.125,False
4581,0.188,False
4582,0.125,False
4583,0.188,False
4584,0.250,False
4585,0.250,False
4586,0.188,False
4587,0.250,False
4588,0.188,False
4589,0.250,False
4590,0.125,False
4591,0.188,False
4592,0.188,False
4593,0.062,False
4594,0.312,False
4595,0.438,False
4596,0.125,False
4597,0.062,False
4598,0.312,False
4599,0.250,False
4600,0.375,False
4601,0.312,False
4602,0.312,False
4603,0.125,False
4604,0.500,False
4605,0.125,False
4606,0.125,False
4607,0.438,False
4608,0.250,False
4609,0.375,False
4610,0.188,False
4611,0.250,False
4612,0.562,False
4613,0.375,False
4614,0.188,False
4615,0.375,False
4616,0.188,False
4617,0.250,False
4618,0.250,False
4619,0.375,False
4620,0.250,False
4621,0.438,False
4622,0.125,False
4623,0.188,False
4624,0.312,False
4625,0.188,False
4626,0.250,False
4627,0.125,False
4628,0.062,False
4629,0.438,False
4630,0.062,False
4631,0.000,False
4632,0.188,False
4633,0.188,False
4634,0.125,False
4635,0.375,False
4636,0.312,False
4637,0.125,False
4638,0.375,False
4639,0.000,False
4640,0.375,False
4641,0.188,False
4642,0.188,False
4643,0.312,False
4644,0.062,False
4645,0.188,False
4646,0.125,False
4647,0.188,False
4648,0.250,False
4649,0.312,False
4650,0.375,False
4651,0.188,False
4652,0.062,False
4653,0.062,False
4654,0.188,False
4655,0.250,False
4656,0.125,False
4657,0.438,False
4658,0.062,False
4659,0.438,False
4660,0.250,False
4661,0.375,False
4662,0.125,False
4663,0.125,False
4664,0.000,False
4665,0.312,False
4666,0.125,False
4667,0.062,False
4668,0.188,False
4669,0.250,False
4670,0.188,False
4671,0.188,False
4672,0.125,False
4673,0.188,False
4674,0.500,False
4675,0.125,False
4676,0.250,False
4677,0.125,False
4678,0.312,False
4679,0.188,False
4680,0.125,False
4681,0.188,False
4682,0.250,False
4683,0.250,False
4684,0.375,False
4685,0.250,False
4686,0.312,False
4687,0.188,False
4688,0.188,False
4689,0.125,False
4690,0.250,False
4691,0.250,False
4692,0.438,False
4693,0.062,False
4694,0.312,False
4695,0.312,False
4696,0.312,False
4697,0.250,False
4698,0.375,False
4699,0.188,False
4700,0.062,False
4701,0.500,False
4702,0.438,False
4703,0.062,False
4704,0.250,False
4705,0.188,False
4706,0.062,False
4707,0.312,False
4708,0.250,False
4709,0.188,False
4710,0.062,False
4711,0.125,False
4712,0.438,False
4713,0.188,False
4714,0.000,False
4715,0.312,False
4716,0.062,False
4717,0.062,False
4718,0.062,False
4719,0.312,False
4720,0.188,False
4721,0.250,False
4722,0.062,False
4723,0.125,False
4724,0.125,False
4725,0.062,False
4726,0.250,False
4727,0.375,False
4728,0.000,False
4729,0.188,False
4730,0.125,False
4731,0.250,False
4732,0.125,False
4733,0.375,False
4734,0.125,False
4735,0.062,False
4736,0.625,False
4737,0.312,False
4738,0.188,False
4739,0.188,False
4740,0.312,False
4741,0.125,False
4742,0.312,False
4743,0.250,False
4744,0.062,False
4745,0.250,False
4746,0.188,False
4747,0.250,False
4748,0.188,False
4749,0.250,False
4750,0.250,False
4751,0.125,False
4752,0.125,False
4753,0.250,False
4754,0.125,False
4755,0.438,False
4756,0.062,False
4757,0.125,False
4758,0.062,False
4759,0.062,False
4760,0.062,False
4761,0.312,False
4762,0.125,False
4763,0.188,False
4764,0.562,False
4765,0.125,False
4766,0.188,False
4767,0.125,False
4768,0.125,False
4769,0.188,False
4770,0.250,False
4771,0.188,False
4772,0.125,False
4773,0.375,False
4774,0.000,False
4775,0.062,False
4776,0.062,False
4777,0.188,False
4778,0.188,False
4779,0.188,False
4780,0.312,False
4781,0.188,False
4782,0.125,False
4783,0.000,False
4784,0.250,False
4785,0.125,False
4786,0.125,False
4787,0.188,False
4788,0.188,False
4789,0.062,False
4790,0.062,False
4791,0.250,False
4792,0.312,False
4793,0.562,False
4794,0.500,False
4795,0.125,False
4796,0.375,False
4797,0.125,False
4798,0.188,False
4799,0.375,False
4800,0.250,False
4801,0.250,False
4802,0.125,False
4803,0.250,False
4804,0.188,False
4805,0.250,False
4806,0.312,False
4807,0.062,False
4808,0.188,False
4809,0.250,False
4810,0.250,False
4811,0.188,False
4812,0.188,False
4813,0.312,False
4814,0.125,False
4815,0.125,False
4816,0.188,False
4817,0.188,False
4818,0.188,False
4819,0.250,False
4820,0.188,False
4821,0.438,False
4822,0.250,False
4823,0.188,False
4824,0.188,False
4825,0.250,False
4826,0.188,False
4827,0.125,False
4828,0.250,False
4829,0.062,False
4830,0.375,False
4831,0.188,False
4832,0.250,False
4833,0.000,False
4834,0.188,False
4835,0.188,False
4836,0.188,False
4837,0.500,False
4838,0.188,False
4839,0.125,False
4840,0.312,False
4841,0.250,False
4842,0.250,False
4843,0.250,False
4844,0.375,False
4845,0.375,False
4846,0.188,False
4847,0.062,False
4848,0.375,False
4849,0.250,False
4850,0.375,False
4851,0.188,False
4852,0.188,False
4853,0.312,False
4854,0.188,False
4855,0.188,False
4856,0.312,False
4857,0.375,False
4858,0.125,False
4859,0.312,False
4860,0.125,False
4861,0.125,False
4862,0.188,False
4863,0.000,False
4864,0.188,False
4865,0.125,False
4866,0.312,False
4867,0.375,False
4868,0.188,False
4869,0.250,False
4870,0.375,False
4871,0.312,False
4872,0.125,False
4873,0.188,False
4874,0.188,False
4875,0.188,False
4876,0.250,False
4877,0.062,False
4878,0.250,False
4879,0.062,False
4880,0.125,False
4881,0.062,False
4882,0.125,False
4883,0.125,False
4884,0.375,False
4885,0.125,False
4886,0.125,False
4887,0.125,False
4888,0.188,False
4889,0.125,False
4890,0.250,False
4891,0.000,False
4892,0.625,False
4893,0.125,False
4894,0.125,False
4895,0.375,False
4896,0.062,False
4897,0.250,False
4898,0.375,False
4899,0.062,False
4900,0.250,False
4901,0.375,False
4902,0.250,False
4903,0.312,False
4904,0.188,False
4905,0.312,False
4906,0.188,False
4907,0.312,False
4908,0.125,False
4909,0.312,False
4910,0.125,False
4911,0.188,False
4912,0.125,False
4913,0.375,False
4914,0.562,False
4915,0.125,False
4916,0.312,False
4917,0.188,False
4918,0.250,False
4919,0.188,False
4920,0.125,False
4921,0.125,False
4922,0.188,False
4923,0.188,False
4924,0.500,False
4925,0.375,False
4926,0.062,False
4927,0.500,False
4928,0.188,False
4929,0.375,False
4930,0.188,False
4931,0.000,False
4932,0.125,False
4933,0.125,False
4934,0.250,False
4935,0.188,False
4936,0.250,False
4937,0.125,False
4938,0.188,False
4939,0.250,False
4940,0.250,False
4941,0.438,False
4942,0.062,False
4943,0.125,False
4944,0.062,False
4945,0.000,False
4946,0.250,False
4947,0.000,False
4948,0.500,False
4949,0.125,False
4950,0.000,False
4951,0.000,False
4952,0.062,False
4953,0.062,False
4954,0.062,False
4955,0.000,False
4956,0.125,False
4957,0.375,False
4958,0.188,False
4959,0.125,False
4960,0.125,False
4961,0.062,False
4962,0.312,False
4963,0.438,False
4964,0.250,False
4965,0.312,False
4966,0.250,False
4967,0.125,False
4968,0.438,False
4969,0.438,False
4970,0.188,False
4971,0.188,False
4972,0.250,False
4973,0.188,False
4974,0.000,False
4975,0.375,False
4976,0.312,False
4977,0.312,False
4978,0.125,False
4979,0.250,False
4980,0.188,False
4981,0.250,False
4982,0.062,False
4983,0.188,False
4984,0.188,False
4985,0.188,False
4986,0.125,False
4987,0.188,False
4988,0.312,False
4989,0.188,False
4990,0.250,False
4991,0.375,False
4992,0.312,False
4993,0.438,False
4994,0.062,False
4995,0.250,False
4996,0.250,False
4997,0.375,False
4998,0.250,False
4999,0.188,False
5000,0.125,False
5001,0.125,False
5002,0.312,False
5003,0.125,False
5004,0.250,False
5005,0.188,False
5006,0.375,False
5007,0.188,False
5008,0.438,False
5009,0.125,False
5010,0.125,False
5011,0.125,False
5012,0.250,False
5013,0.500,False
5014,0.125,False
5015,0.312,False
5016,0.250,False
5017,0.250,False
5018,0.312,False
5019,0.188,False
5020,0.250,False
5021,0.125,False
5022,0.250,False
5023,0.438,False
5024,0.125,False
5025,0.000,False
5026,0.125,False
5027,0.125,False
5028,0.312,False
5029,0.250,False
5030,0.125,False
5031,0.000,False
5032,0.062,False
5033,0.125,False
5034,0.188,False
5035,0.188,False
5036,0.500,False
5037,0.375,False
5038,0.250,False
5039,0.312,False
5040,0.250,False
5041,0.188,False
5042,0.312,False
5043,0.250,False
5044,0.312,False
5045,0.250,False
5046,0.312,False
5047,0.375,False
5048,0.188,False
5049,0.312,False
5050,0.125,False
5051,0.500,False
5052,0.062,False
5053,0.250,False
5054,0.125,False
5055,0.250,False
5056,0.500,False
5057,0.062,False
5058,0.625,False
5059,0.188,False
5060,0.062,False
5061,0.375,False
5062,0.188,False
5063,0.250,False
5064,0.062,False
5065,0.312,False
5066,0.250,False
5067,0.500,False
5068,0.188,False
5069,0.375,False
5070,0.188,False
5071,0.062,False
5072,0.125,False
5073,0.125,False
5074,0.188,False
5075,0.250,False
5076,0.438,False
5077,0.312,False
5078,0.250,False
5079,0.125,False
5080,0.500,False
5081,0.250,False
5082,0.125,False
5083,0.188,False
5084,0.188,False
5085,0.188,False
5086,0.125,False
5087,0.312,False
5088,0.062,False
5089,0.250,False
5090,0.062,False
5091,0.250,False
5092,0.125,False
5093,0.250,False
5094,0.250,False
5095,0.438,False
5096,0.250,False
5097,0.250,False
5098,0.250,False
5099,0.250,False
5100,0.250,False
5101,0.062,False
5102,0.250,False
5103,0.312,False
5104,0.125,False
5105,0.000,False
5106,0.188,False
5107,0.062,False
5108,0.125,False
5109,0.312,False
5110,0.250,False
5111,0.125,False
5112,0.375,False
5113,0.438,False
5114,0.562,False
5115,0.125,False
5116,0.312,False
5117,0.125,False
5118,0.250,False
5119,0.312,False
5120,0.438,False
5121,0.125,False
5122,0.375,False
5123,0.188,False
5124,0.562,False
5125,0.438,False
5126,0.062,False
5127,0.125,False
5128,0.188,False
5129,0.125,False
5130,0.062,False
5131,0.125,False
5132,0.125,False
5133,0.188,False
5134,0.250,False
5135,0.125,False
5136,0.375,False
5137,0.250,False
5138,0.188,False
5139,0.125,False
5140,0.188,False
5141,0.125,False
5142,0.125,False
5143,0.438,False
5144,0.250,False
5145,0.188,False
5146,0.188,False
5147,0.438,False
5148,0.062,False
5149,0.125,False
5150,0.125,False
5151,0.312,False
5152,0.312,False
5153,0.312,False
5154,0.250,False
5155,0.250,False
5156,0.250,False
5157,0.312,False
5158,0.375,False
5159,0.188,False
5160,0.250,False
5161,0.500,False
5162,0.250,False
5163,0.062,False
5164,0.000,False
5165,0.375,False
5166,0.250,False
5167,0.188,False
5168,0.125,False
5169,0.125,False
5170,0.312,False
5171,0.250,False
5172,0.125,False
5173,0.375,False
5174,0.562,False
5175,0.250,False
5176,0.062,False
5177,0.312,False
5178,0.250,False
5179,0.188,False
5180,0.125,False
5181,0.125,False
5182,0.188,False
5183,0.250,False
5184,0.438,False
5185,0.312,False
5186,0.375,False
5187,0.250,False
5188,0.188,False
5189,0.500,False
5190,0.250,False
5191,0.250,False
5192,0.312,False
5193,0.312,False
5194,0.375,False
5195,0.188,False
5196,0.312,False
5197,0.062,False
5198,0.312,False
5199,0.062,False
5200,0.375,False
5201,0.000,False
5202,0.125,False
5203,0.125,False
5204,0.125,False
5205,0.312,False
5206,0.188,False
5207,0.062,False
5208,0.188,False
5209,0.188,False
5210,0.250,False
5211,0.375,False
5212,0.125,False
5213,0.375,False
5214,0.375,False
5215,0.250,False
5216,0.250,False
5217,0.250,False
5218,0.375,False
5219,0.250,False
5220,0.125,False
5221,0.188,False
5222,0.500,False
5223,0.125,False
5224,0.188,False
5225,0.188,False
5226,0.125,False
5227,0.125,False
5228,0.062,False
5229,0.250,False
5230,0.062,False
5231,0.062,False
5232,0.000,False
5233,0.125,False
5234,0.125,False
5235,0.062,False
5236,0.250,False
5237,0.062,False
5238,0.312,False
5239,0.125,False
5240,0.250,False
5241,0.062,False
5242,0.125,False
5243,0.438,False
5244,0.312,False
5245,0.375,False
5246,0.125,False
5247,0.375,False
5248,0.250,False
5249,0.188,False
5250,0.125,False
5251,0.062,False
5252,0.188,False
5253,0.438,False
5254,0.250,False
5255,0.125,False
5256,0.062,False
5257,0.312,False
5258,0.125,False
5259,0.312,False
5260,0.125,False
5261,0.312,False
5262,0.125,False
5263,0.250,False
5264,0.125,False
5265,0.562,False
5266,0.125,False
5267,0.125,False
5268,0.125,False
5269,0.188,False
5270,0.250,False
5271,0.312,False
5272,0.250,False
5273,0.312,False
5274,0.312,False
5275,0.250,False
5276,0.125,False
5277,0.062,False
5278,0.125,False
5279,0.188,False
5280,0.312,False
5281,0.250,False
5282,0.375,False
5283,0.188,False
5284,0.125,False
5285,0.375,False
5286,0.312,False
5287,0.312,False
5288,0.188,False
5289,0.125,False
5290,0.062,False
5291,0.500,False
5292,0.125,False
5293,0.125,False
5294,0.188,False
5295,0.125,False
5296,0.062,False
5297,0.188,False
5298,0.125,False
5299,0.188,False
5300,0.312,False
5301,0.375,False
5302,0.375,False
5303,0.125,False
5304,0.062,False
5305,0.312,False
5306,0.375,False
5307,0.250,False
5308,0.188,False
5309,0.375,False
5310,0.000,False
5311,0.188,False
5312,0.125,False
5313,0.062,False
5314,0.188,False
5315,0.125,False
5316,0.312,False
5317,0.000,False
5318,0.250,False
5319,0.250,False
5320,0.312,False
5321,0.125,False
5322,0.062,False
5323,0.188,False
5324,0.375,False
5325,0.562,False
5326,0.125,False
5327,0.312,False
5328,0.188,False
5329,0.500,False
5330,0.312,False
5331,0.125,False
5332,0.188,False
5333,0.188,False
5334,0.500,False
5335,0.312,False
5336,0.312,False
5337,0.312,False
5338,0.312,False
5339,0.000,False
5340,0.250,False
5341,0.125,False
5342,0.125,False
5343,0.125,False
5344,0.312,False
5345,0.125,False
5346,0.062,False
5347,0.188,False
5348,0.312,False
5349,0.312,False
5350,0.562,False
5351,0.062,False
5352,0.312,False
5353,0.188,False
5354,0.188,False
5355,0.125,False
5356,0.188,False
5357,0.375,False
5358,0.250,False
5359,0.312,False
5360,0.312,False
5361,0.250,False
5362,0.250,False
5363,0.188,False
5364,0.062,False
5365,0.312,False
5366,0.125,False
5367,0.312,False
5368,0.188,False
5369,0.188,False
5370,0.062,False
5371,0.188,False
5372,0.438,False
5373,0.250,False
5374,0.188,False
5375,0.312,False
5376,0.188,False
5377,0.125,False
5378,0.250,False
5379,0.438,False
5380,0.250,False
5381,0.062,False
5382,0.000,False
5383,0.062,False
5384,0.250,False
5385,0.312,False
5386,0.250,False
5387,0.562,False
5388,0.188,False
5389,0.188,False
5390,0.438,False
5391,0.062,False
5392,0.188,False
5393,0.375,False
5394,0.188,False
5395,0.188,False
5396,0.438,False
5397,0.312,False
5398,0.188,False
5399,0.188,False
5400,0.188,False
5401,0.062,False
5402,0.438,False
5403,0.125,False
5404,0.375,False
5405,0.250,False
5406,0.250,False
5407,0.312,False
5408,0.188,False
5409,0.250,False
5410,0.188,False
5411,0.125,False
5412,0.375,False
5413,0.062,False
5414,0.062,False
5415,0.250,False
5416,0.438,False
5417,0.375,False
5418,0.188,False
5419,0.312,False
5420,0.125,False
5421,0.438,False
5422,0.125,False
5423,0.125,False
5424,0.250,False
5425,0.438,False
5426,0.062,False
5427,0.188,False
5428,0.438,False
5429,0.250,False
5430,0.375,False
5431,0.250,False
5432,0.188,False
5433,0.250,False
5434,0.000,False
5435,0.625,False
5436,0.500,False
5437,0.312,False
5438,0.188,False
5439,0.250,False
5440,0.188,False
5441,0.312,False
5442,0.125,False
5443,0.625,False
5444,0.375,False
5445,0.375,False
5446,0.312,False
5447,0.312,False
5448,0.062,False
5449,0.125,False
5450,0.188,False
5451,0.188,False
5452,0.250,False
5453,0.125,False
5454,0.438,False
5455,0.188,False
5456,0.500,False
5457,0.125,False
5458,0.125,False
5459,0.188,False
5460,0.188,False
5461,0.250,False
5462,0.188,False
5463,0.000,False
5464,0.250,False
5465,0.438,False
5466,0.312,False
5467,0.000,False
5468,0.188,False
5469,0.312,False
5470,0.250,False
5471,0.562,False
5472,0.250,False
5473,0.188,False
5474,0.125,False
5475,0.375,False
5476,0.250,False
5477,0.125,False
5478,0.312,False
5479,0.312,False
5480,0.188,False
5481,0.188,False
5482,0.125,False
5483,0.250,False
5484,0.312,False
5485,0.375,False
5486,0.062,False
5487,0.125,False
5488,0.125,False
5489,0.062,False
5490,0.125,False
5491,0.188,False
5492,0.188,False
5493,0.250,False
5494,0.188,False
5495,0.375,False
5496,0.250,False
5497,0.062,False
5498,0.188,False
5499,0.125,False
5500,0.188,False
5501,0.312,False
5502,0.062,False
5503,0.188,False
5504,0.250,False
5505,0.125,False
5506,0.062,False
5507,0.188,False
5508,0.250,False
5509,0.500,False
5510,0.375,False
5511,0.250,False
5512,0.250,False
5513,0.062,False
5514,0.250,False
5515,0.500,False
5516,0.188,False
5517,0.125,False
5518,0.250,False
5519,0.062,False
5520,0.125,False
5521,0.250,False
5522,0.188,False
5523,0.250,False
5524,0.250,False
5525,0.125,False
5526,0.125,False
5527,0.062,False
5528,0.250,False
5529,0.312,False
5530,0.000,False
5531,0.625,False
5532,0.250,False
5533,0.188,False
5534,0.312,False
5535,0.188,False
5536,0.062,False
5537,0.000,False
5538,0.188,False
5539,0.188,False
5540,0.125,False
5541,0.375,False
5542,0.062,False
5543,0.250,False
5544,0.125,False
5545,0.062,False
5546,0.375,False
5547,0.062,False
5548,0.062,False
5549,0.125,False
5550,0.375,False
5551,0.250,False
5552,0.188,False
5553,0.125,False
5554,0.312,False
5555,0.312,False
5556,0.062,False
5557,0.250,False
5558,0.250,False
5559,0.312,False
5560,0.312,False
5561,0.062,False
5562,0.188,False
5563,0.438,False
5564,0.188,False
5565,0.188,False
5566,0.250,False
5567,0.250,False
5568,0.000,False
5569,0.125,False
5570,0.312,False
5571,0.062,False
5572,0.375,False
5573,0.188,False
5574,0.438,False
5575,0.188,False
5576,0.312,False
5577,0.125,False
5578,0.250,False
5579,0.000,False
5580,0.250,False
5581,0.312,False
5582,0.188,False
5583,0.188,False
5584,0.312,False
5585,0.188,False
5586,0.125,False
5587,0.125,False
5588,0.500,False
5589,0.188,False
5590,0.062,False
5591,0.438,False
5592,0.062,False
5593,0.062,False
5594,0.125,False
5595,0.188,False
5596,0.125,False
5597,0.312,False
5598,0.250,False
5599,0.250,False
5600,0.250,False
5601,0.250,False
5602,0.250,False
5603,0.125,False
5604,0.312,False
5605,0.062,False
5606,0.062,False
5607,0.125,False
5608,0.250,False
5609,0.188,False
5610,0.062,False
5611,0.250,False
5612,0.188,False
5613,0.062,False
5614,0.188,False
5615,0.312,False
5616,0.250,False
5617,0.125,False
5618,0.125,False
5619,0.188,False
5620,0.125,False
5621,0.125,False
5622,0.188,False
5623,0.250,False
5624,0.062,False
5625,0.062,False
5626,0.125,False
5627,0.062,False
5628,0.250,False
5629,0.062,False
5630,0.250,False
5631,0.062,False
5632,0.188,False
5633,0.312,False
5634,0.188,False
5635,0.375,False
5636,0.250,False
5637,0.250,False
5638,0.000,False
5639,0.188,False
5640,0.125,False
5641,0.375,False
5642,0.312,False
5643,0.250,False
5644,0.188,False
5645,0.062,False
5646,0.188,False
5647,0.125,False
5648,0.250,False
5649,0.250,False
5650,0.062,False
5651,0.250,False
5652,0.375,False
5653,0.500,False
5654,0.438,False
5655,0.250,False
5656,0.188,False
5657,0.125,False
5658,0.125,False
5659,0.062,False
5660,0.062,False
5661,0.312,False
5662,0.250,False
5663,0.125,False
5664,0.188,False
5665,0.312,False
5666,0.188,False
5667,0.312,False
5668,0.125,False
5669,0.062,False
5670,0.000,False
5671,0.312,False
5672,0.250,False
5673,0.312,False
5674,0.312,False
5675,0.375,False
5676,0.250,False
5677,0.125,False
5678,0.188,False
5679,0.188,False
5680,0.375,False
5681,0.250,False
5682,0.188,False
5683,0.125,False
5684,0.312,False
5685,0.312,False
5686,0.250,False
5687,0.375,False
5688,0.312,False
5689,0.000,False
5690,0.312,False
5691,0.188,False
5692,0.250,False
5693,0.438,False
5694,0.438,False
5695,0.188,False
5696,0.062,False
5697,0.250,False
5698,0.250,False
5699,0.000,False
5700,0.562,False
5701,0.125,False
5702,0.062,False
5703,0.125,False
5704,0.125,False
5705,0.125,False
5706,0.125,False
5707,0.312,False
5708,0.000,False
5709,0.125,False
5710,0.062,False
5711,0.312,False
5712,0.125,False
5713,0.250,False
5714,0.375,False
5715,0.312,False
5716,0.188,False
5717,0.188,False
5718,0.125,False
5719,0.188,False
5720,0.250,False
5721,0.125,False
5722,0.375,False
5723,0.250,False
5724,0.188,False
5725,0.188,False
5726,0.125,False
5727,0.250,False
5728,0.250,False
5729,0.062,False
5730,0.188,False
5731,0.312,False
5732,0.250,False
5733,0.625,False
5734,0.250,False
5735,0.250,False
5736,0.312,False
5737,0.188,False
5738,0.250,False
5739,0.312,False
5740,0.312,False
5741,0.312,False
5742,0.125,False
5743,0.188,False
5744,0.188,False
5745,0.062,False
5746,0.250,False
5747,0.375,False
5748,0.375,False
5749,0.125,False
5750,0.000,False
5751,0.188,False
5752,0.375,False
5753,0.188,False
5754,0.375,False
5755,0.188,False
5756,0.375,False
5757,0.250,False
5758,0.312,False
5759,0.062,False
5760,0.125,False
5761,0.188,False
5762,0.188,False
5763,0.125,False
5764,0.188,False
5765,0.312,False
5766,0.438,False
5767,0.312,False
5768,0.188,False
5769,0.000,False
5770,0.500,False
5771,0.250,False
5772,0.250,False
5773,0.062,False
5774,0.188,False
5775,0.250,False
5776,0.312,False
5777,0.125,False
5778,0.125,False
5779,0.312,False
5780,0.188,False
5781,0.312,False
5782,0.188,False
5783,0.250,False
5784,0.188,False
5785,0.250,False
5786,0.312,False
5787,0.438,False
5788,0.250,False
5789,0.312,False
5790,0.250,False
5791,0.250,False
5792,0.250,False
5793,0.500,False
5794,0.125,False
5795,0.125,False
5796,0.125,False
5797,0.250,False
5798,0.312,False
5799,0.250,False
5800,0.250,False
5801,0.375,False
5802,0.125,False
5803,0.250,False
5804,0.125,False
5805,0.125,False
5806,0.062,False
5807,0.188,False
5808,0.125,False
5809,0.188,False
5810,0.312,False
5811,0.062,False
5812,0.125,False
5813,0.062,False
5814,0.438,False
5815,0.312,False
5816,0.500,False
5817,0.312,False
5818,0.062,False
5819,0.188,False
5820,0.000,False
5821,0.125,False
5822,0.188,False
5823,0.250,False
5824,0.250,False
5825,0.188,False
5826,0.062,False
5827,0.000,False
5828,0.188,False
5829,0.375,False
5830,0.125,False
5831,0.125,False
5832,0.438,False
5833,0.000,False
5834,0.062,False
5835,0.188,False
5836,0.062,False
5837,0.250,False
5838,0.188,False
5839,0.312,False
5840,0.125,False
5841,0.250,False
5842,0.375,False
5843,0.062,False
5844,0.375,False
5845,0.375,False
5846,0.062,False
5847,0.125,False
5848,0.188,False
5849,0.375,False
5850,0.125,False
5851,0.062,False
5852,0.062,False
5853,0.188,False
5854,0.062,False
5855,0.250,False
5856,0.312,False
5857,0.188,False
5858,0.250,False
5859,0.125,False
5860,0.562,False
5861,0.250,False
5862,0.375,False
5863,0.062,False
5864,0.438,False
5865,0.250,False
5866,0.188,False
5867,0.375,False
5868,0.062,False
5869,0.125,False
5870,0.062,False
5871,0.125,False
5872,0.250,False
5873,0.188,False
5874,0.250,False
5875,0.125,False
5876,0.125,False
5877,0.125,False
5878,0.125,False
5879,0.312,False
5880,0.250,False
5881,0.125,False
5882,0.062,False
5883,0.000,False
5884,0.312,False
5885,0.188,False
5886,0.188,False
5887,0.625,False
5888,0.125,False
5889,0.312,False
5890,0.312,False
5891,0.375,False
5892,0.375,False
5893,0.062,False
5894,0.062,False
5895,0.312,False
5896,0.188,False
5897,0.000,False
5898,0.250,False
5899,0.062,False
5900,0.062,False
5901,0.188,False
5902,0.375,False
5903,0.062,False
5904,0.062,False
5905,0.062,False
5906,0.125,False
5907,0.250,False
5908,0.125,False
5909,0.250,False
5910,0.250,False
5911,0.188,False
5912,0.438,False
5913,0.125,False
5914,0.312,False
5915,0.188,False
5916,0.250,False
5917,0.375,False
5918,0.125,False
5919,0.125,False
5920,0.375,False
5921,0.438,False
5922,0.125,False
5923,0.188,False
5924,0.312,False
5925,0.188,False
5926,0.375,False
5927,0.250,False
5928,0.500,False
5929,0.188,False
5930,0.375,False
5931,0.062,False
5932,0.125,False
5933,0.250,False
5934,0.250,False
5935,0.188,False
5936,0.250,False
5937,0.188,False
5938,0.188,False
5939,0.312,False
5940,0.375,False
5941,0.500,False
5942,0.188,False
5943,0.188,False
5944,0.188,False
5945,0.125,False
5946,0.188,False
5947,0.312,False
5948,0.250,False
5949,0.125,False
5950,0.312,False
5951,0.500,False
5952,0.188,False
5953,0.188,False
5954,0.188,False
5955,0.250,False
5956,0.188,False
5957,0.375,False
5958,0.250,False
5959,0.125,False
5960,0.000,False
5961,0.188,False
5962,0.125,False
5963,0.125,False
5964,0.062,False
5965,0.125,False
5966,0.062,False
5967,0.188,False
5968,0.188,False
5969,0.125,False
5970,0.000,False
5971,0.438,False
5972,0.250,False
5973,0.375,False
5974,0.250,False
5975,0.062,False
5976,0.125,False
5977,0.188,False
5978,0.312,False
5979,0.125,False
5980,0.125,False
5981,0.125,False
5982,0.188,False
5983,0.375,False
5984,0.188,False
5985,0.188,False
5986,0.125,False
5987,0.250,False
5988,0.375,False
5989,0.062,False
5990,0.000,False
5991,0.062,False
5992,0.375,False
5993,0.188,False
5994,0.562,False
5995,0.625,False
5996,0.375,False
5997,0.250,False
5998,0.375,False
0,0.875,False
4,0.812,False
6,0.875,False
7,0.875,False
8,0.875,False
9,0.875,False
12,0.812,False
15,0.875,False
16,0.875,False
17,0.812,False
20,0.062,False
25,0.875,False
27,0.875,False
28,0.812,False
29,0.812,False
31,0.875,False
32,0.875,False
33,0.812,False
34,0.875,False
37,0.875,False
39,0.125,False
42,0.750,False
43,0.688,False
45,0.875,False
49,0.875,False
50,0.875,False
51,0.875,False
52,0.500,False
61,0.812,False
64,0.688,False
65,0.688,False
66,0.875,False
68,0.875,False
70,0.750,False
75,0.875,False
76,0.688,False
79,0.812,False
83,0.875,False
86,0.875,False
90,0.875,False
93,0.812,False
95,0.875,False
96,0.812,False
99,0.875,False
100,0.875,False
101,0.875,False
103,0.812,False
104,0.875,False
108,0.500,False
109,0.875,False
117,0.812,False
119,0.875,False
125,0.875,False
127,0.812,False
129,0.875,False
130,0.750,False
134,0.688,False
140,0.875,False
141,0.875,False
145,0.875,False
151,0.875,False
158,0.875,False
169,0.875,False
184,0.875,False
185,0.625,False
189,0.875,False
190,0.875,False
191,0.875,False
192,0.875,False
193,0.625,False
195,0.812,False
196,0.875,False
197,0.812,False
198,0.875,False
199,0.875,False
201,0.750,False
204,0.875,False
209,0.750,False
211,0.812,False
213,0.875,False
214,0.688,False
215,0.812,False
216,0.875,False
221,0.562,False
223,0.750,False
226,0.875,False
229,0.875,False
230,0.812,False
232,0.875,False
233,0.875,False
235,0.875,False
240,0.875,False
241,0.812,False
244,0.812,False
248,0.875,False
250,0.812,False
254,0.875,False
255,0.812,False
257,0.875,False
258,0.812,False
259,0.812,False
260,0.875,False
263,0.875,False
264,0.875,False
273,0.812,False
274,0.875,False
276,0.688,False
284,0.875,False
288,0.000,False
291,0.812,False
292,0.875,False
294,0.875,False
295,0.875,False
297,0.562,False
306,0.875,False
308,0.750,False
309,0.750,False
311,0.750,False
330,0.875,False
335,0.250,False
336,0.875,False
338,0.875,False
347,0.125,False
348,0.750,False
349,0.875,False
350,0.875,False
356,0.875,False
357,0.688,False
359,0.875,False
360,0.875,False
363,0.875,False
369,0.812,False
371,0.875,False
376,0.812,False
377,0.750,False
382,0.750,False
384,0.875,False
386,0.875,False
387,0.875,False
390,0.875,False
391,0.750,False
392,0.812,False
394,0.750,False
396,0.812,False
397,0.125,False
400,0.875,False
409,0.875,False
412,0.625,False
415,0.875,False
416,0.875,False
418,0.875,False
420,0.875,False
421,0.750,False
424,0.812,False
425,0.812,False
428,0.875,False
431,0.750,False
433,0.750,False
437,0.875,False
441,0.750,False
443,0.875,False
445,0.875,False
449,0.875,False
451,0.875,False
454,0.875,False
457,0.875,False
458,0.875,False
459,0.625,False
463,0.875,False
464,0.875,False
467,0.688,False
468,0.875,False
476,0.688,False
479,0.875,False
480,0.750,False
482,0.750,False
483,0.625,False
486,0.812,False
489,0.875,False
492,0.875,False
493,0.875,False
499,0.875,False
501,0.812,False
505,0.875,False
509,0.875,False
513,0.875,False
518,0.125,False
519,0.812,False
521,0.875,False
529,0.875,False
532,0.875,False
533,0.875,False
534,0.750,False
536,0.750,False
539,0.375,False
545,0.812,False
550,0.875,False
554,0.812,False
555,0.562,False
558,0.812,False
563,0.875,False
569,0.875,False
570,0.875,False
572,0.812,False
578,0.875,False
579,0.625,False
581,0.750,False
582,0.562,False
587,0.688,False
589,0.812,False
591,0.750,False
592,0.812,False
593,0.875,False
594,0.875,False
595,0.875,False
601,0.875,False
603,0.875,False
607,0.750,False
608,0.750,False
609,0.875,False
611,0.875,False
616,0.875,False
621,0.875,False
624,0.812,False
627,0.875,False
628,0.875,False
631,0.875,False
633,0.812,False
635,0.875,False
638,0.750,False
643,0.875,False
647,0.875,False
649,0.750,False
650,0.875,False
652,0.750,False
653,0.875,False
654,0.875,False
655,0.875,False
657,0.812,False
659,0.875,False
660,0.750,False
667,0.875,False
669,0.875,False
671,0.875,False
673,0.875,False
676,0.875,False
678,0.875,False
679,0.875,False
691,0.875,False
693,0.875,False
694,0.750,False
695,0.688,False
698,0.812,False
700,0.750,False
707,0.750,False
713,0.812,False
714,0.750,False
719,0.688,False
725,0.750,False
727,0.625,False
736,0.875,False
738,0.688,False
740,0.875,False
743,0.750,False
744,0.812,False
747,0.875,False
751,0.875,False
756,0.812,False
763,0.688,False
764,0.812,False
767,0.688,False
773,0.875,False
777,0.875,False
778,0.750,False
781,0.875,False
786,0.688,False
787,0.875,False
792,0.812,False
798,0.875,False
804,0.188,False
805,0.875,False
806,0.875,False
807,0.875,False
809,0.812,False
811,0.875,False
814,0.688,False
818,0.750,False
819,0.750,False
822,0.875,False
824,0.750,False
837,0.875,False
838,0.875,False
845,0.688,False
847,0.625,False
849,0.812,False
850,0.438,False
857,0.875,False
858,0.812,False
864,0.812,False
867,0.875,False
870,0.875,False
871,0.875,False
877,0.875,False
878,0.875,False
880,0.500,False
884,0.875,False
885,0.562,False
888,0.875,False
891,0.750,False
893,0.875,False
894,0.875,False
898,0.875,False
899,0.812,False
902,0.750,False
905,0.875,False
911,0.875,False
912,0.875,False
914,0.812,False
915,0.750,False
917,0.875,False
919,0.750,False
921,0.812,False
929,0.750,False
932,0.812,False
933,0.875,False
940,0.688,False
941,0.875,False
944,0.812,False
952,0.812,False
956,0.750,False
958,0.875,False
962,0.688,False
964,0.750,False
971,0.875,False
972,0.875,False
975,0.688,False
976,0.875,False
980,0.875,False
985,0.625,False
986,0.812,False
990,0.875,False
991,0.750,False
993,0.625,False
996,0.875,False
998,0.000,False
999,0.875,False
1000,0.062,False
1002,0.875,False
1006,0.875,False
1011,0.875,False
1013,0.875,False
1014,0.750,False
1017,0.875,False
1019,0.875,False
1023,0.688,False
1028,0.812,False
1029,0.875,False
1034,0.688,False
1035,0.812,False
1043,0.688,False
1044,0.750,False
1053,0.875,False
1054,0.875,False
1056,0.875,False
1062,0.875,False
1063,0.562,False
1065,0.688,False
1066,0.875,False
1067,0.875,False
1078,0.875,False
1080,0.875,False
1084,0.625,False
1086,0.875,False
1087,0.875,False
1091,0.875,False
1095,0.812,False
1102,0.875,False
1104,0.812,False
1105,0.562,False
1111,0.875,False
1112,0.812,False
1113,0.812,False
1122,0.688,False
1124,0.875,False
1125,0.812,False
1130,0.875,False
1131,0.812,False
1133,0.750,False
1134,0.750,False
1135,0.812,False
1137,0.875,False
1138,0.875,False
1139,0.875,False
1142,0.875,False
1143,0.812,False
1145,0.875,False
1151,0.875,False
1154,0.812,False
1155,0.875,False
1157,0.750,False
1159,0.875,False
1162,0.875,False
1165,0.875,False
1166,0.000,False
1169,0.875,False
1170,0.875,False
1173,0.875,False
1174,0.750,False
1179,0.875,False
1180,0.875,False
1182,0.875,False
1183,0.875,False
1186,0.875,False
1189,0.875,False
1190,0.625,False
1191,0.875,False
1196,0.875,False
1198,0.875,False
1202,0.875,False
1203,0.875,False
1206,0.812,False
1207,0.625,False
1210,0.812,False
1216,0.875,False
1219,0.812,False
1220,0.688,False
1223,0.812,False
1226,0.188,False
1231,0.875,False
1233,0.875,False
1235,0.625,False
1236,0.875,False
1237,0.875,False
1239,0.875,False
1244,0.750,False
1247,0.750,False
1249,0.688,False
1257,0.875,False
1259,0.875,False
1261,0.875,False
1266,0.875,False
1267,0.750,False
1269,0.875,False
1273,0.875,False
1274,0.875,False
1279,0.812,False
1283,0.875,False
1284,0.875,False
1286,0.625,False
1288,0.375,False
1292,0.875,False
1293,0.875,False
1297,0.812,False
1299,0.875,False
1300,0.812,False
1301,0.875,False
1302,0.875,False
1307,0.812,False
1309,0.812,False
1312,0.875,False
1316,0.750,False
1317,0.875,False
1320,0.500,False
1323,0.750,False
1325,0.812,False
1328,0.812,False
1329,0.875,False
1333,0.688,False
1336,0.875,False
1339,0.875,False
1340,0.875,False
1348,0.875,False
1353,0.812,False
1355,0.875,False
1358,0.812,False
1359,0.875,False
1362,0.750,False
1365,0.688,False
1368,0.812,False
1369,0.875,False
1371,0.625,False
1389,0.875,False
1393,0.688,False
1398,0.125,False
1399,0.875,False
1400,0.562,False
1401,0.875,False
1411,0.875,False
1414,0.750,False
1416,0.562,False
1418,0.688,False
1420,0.750,False
1423,0.688,False
1429,0.812,False
1430,0.750,False
1434,0.875,False
1439,0.875,False
1441,0.688,False
1443,0.875,False
1447,0.875,False
1453,0.875,False
1456,0.875,False
1458,0.875,False
1461,0.812,False
1463,0.688,False
1464,0.812,False
1467,0.812,False
1471,0.812,False
1473,0.875,False
1474,0.688,False
1478,0.875,False
1479,0.812,False
1480,0.875,False
1481,0.812,False
1482,0.875,False
1483,0.875,False
1486,0.750,False
1487,0.875,False
1488,0.812,False
1490,0.750,False
1494,0.875,False
1500,0.875,False
1502,0.500,False
1504,0.875,False
1508,0.625,False
1509,0.812,False
1510,0.875,False
1511,0.625,False
1518,0.875,False
1519,0.812,False
1524,0.875,False
1526,0.688,False
1530,0.875,False
1537,0.812,False
1538,0.812,False
1539,0.750,False
1541,0.812,False
1543,0.875,False
1544,0.875,False
1547,0.875,False
1549,0.750,False
1550,0.812,False
1552,0.562,False
1553,0.812,False
1554,0.688,False
1556,0.875,False
1565,0.812,False
1566,0.875,False
1567,0.625,False
1568,0.875,False
1569,0.875,False
1573,0.875,False
1577,0.812,False
1580,0.750,False
1582,0.875,False
1584,0.875,False
1592,0.750,False
1595,0.750,False
1596,0.812,False
1602,0.875,False
1604,0.875,False
1606,0.875,False
1609,0.812,False
1610,0.812,False
1616,0.875,False
1617,0.688,False
1620,0.875,False
1622,0.750,False
1624,0.875,False
1625,0.875,False
1626,0.062,False
1627,0.812,False
1629,0.375,False
1634,0.812,False
1644,0.250,False
1646,0.812,False
1647,0.875,False
1651,0.875,False
1656,0.812,False
1668,0.875,False
1672,0.875,False
1674,0.688,False
1677,0.812,False
1679,0.312,False
1688,0.875,False
1689,0.875,False
1690,0.875,False
1705,0.812,False
1712,0.875,False
1714,0.875,False
1716,0.875,False
1718,0.875,False
1721,0.875,False
1725,0.812,False
1730,0.875,False
1731,0.812,False
1732,0.812,False
1734,0.562,False
1735,0.875,False
1740,0.875,False
1742,0.875,False
1752,0.625,False
1761,0.875,False
1762,0.875,False
1763,0.875,False
1764,0.875,False
1768,0.812,False
1769,0.750,False
1770,0.562,False
1772,0.812,False
1775,0.875,False
1776,0.875,False
1779,0.875,False
1780,0.875,False
1783,0.875,False
1786,0.750,False
1787,0.812,False
1794,0.875,False
1795,0.812,False
1797,0.750,False
1801,0.875,False
1805,0.875,False
1806,0.812,False
1807,0.812,False
1808,0.875,False
1812,0.812,False
1813,0.812,False
1815,0.812,False
1816,0.750,False
1819,0.688,False
1820,0.875,False
1825,0.875,False
1828,0.875,False
1830,0.875,False
1833,0.688,False
1838,0.562,False
1842,0.562,False
1843,0.188,False
1844,0.688,False
1845,0.812,False
1847,0.875,False
1852,0.875,False
1853,0.875,False
1856,0.875,False
1857,0.750,False
1860,0.688,False
1861,0.750,False
1866,0.875,False
1867,0.750,False
1875,0.000,False
1876,0.875,False
1879,0.875,False
1881,0.875,False
1882,0.812,False
1885,0.875,False
1889,0.625,False
1893,0.875,False
1896,0.875,False
1899,0.875,False
1901,0.812,False
1904,0.875,False
1907,0.875,False
1909,0.875,False
1910,0.438,False
1912,0.875,False
1925,0.750,False
1928,0.875,False
1930,0.688,False
1938,0.875,False
1940,0.875,False
1941,0.812,False
1942,0.812,False
1944,0.875,False
1945,0.875,False
1949,0.875,False
1950,0.688,False
1955,0.875,False
1961,0.875,False
1962,0.562,False
1968,0.875,False
1976,0.875,False
1981,0.875,False
1982,0.688,False
1983,0.875,False
1990,0.875,False
1994,0.875,False
1996,0.625,False
1998,0.875,False
2001,0.875,False
2002,0.812,False
2005,0.812,False
2008,0.812,False
2010,0.875,False
2013,0.875,False
2014,0.875,False
2019,0.750,False
2022,0.875,False
2026,0.812,False
2029,0.875,False
2031,0.875,False
2033,0.625,False
2043,0.875,False
2045,0.812,False
2046,0.875,False
2049,0.875,False
2053,0.875,False
2054,0.750,False
2055,0.875,False
2056,0.875,False
2058,0.875,False
2060,0.750,False
2061,0.875,False
2064,0.750,False
2072,0.688,False
2073,0.875,False
2074,0.812,False
2075,0.812,False
2078,0.875,False
2079,0.750,False
2083,0.812,False
2093,0.875,False
2097,0.875,False
2100,0.750,False
2101,0.875,False
2102,0.875,False
2103,0.812,False
2104,0.875,False
2110,0.875,False
2116,0.875,False
2117,0.875,False
2119,0.688,False
2126,0.875,False
2128,0.812,False
2130,0.875,False
2133,0.875,False
2135,0.812,False
2136,0.875,False
2142,0.750,False
2146,0.688,False
2151,0.875,False
2152,0.875,False
2154,0.875,False
2162,0.875,False
2170,0.875,False
2173,0.875,False
2176,0.812,False
2177,0.812,False
2179,0.750,False
2183,0.875,False
2191,0.875,False
2195,0.875,False
2196,0.750,False
2197,0.875,False
2198,0.875,False
2199,0.875,False
2201,0.875,False
2202,0.500,False
2203,0.875,False
2205,0.812,False
2206,0.875,False
2208,0.875,False
2210,0.875,False
2211,0.812,False
2212,0.875,False
2213,0.812,False
2218,0.688,False
2221,0.875,False
2222,0.875,False
2223,0.812,False
2225,0.875,False
2226,0.812,False
2227,0.875,False
2232,0.688,False
2239,0.750,False
2240,0.875,False
2241,0.875,False
2249,0.875,False
2250,0.812,False
2260,0.875,False
2264,0.875,False
2269,0.750,False
2276,0.625,False
2277,0.875,False
2280,0.312,False
2282,0.875,False
2284,0.875,False
2287,0.875,False
2290,0.688,False
2291,0.812,False
2297,0.875,False
2298,0.875,False
2301,0.875,False
2302,0.875,False
2305,0.812,False
2307,0.875,False
2308,0.812,False
2309,0.812,False
2310,0.812,False
2319,0.875,False
2321,0.875,False
2324,0.875,False
2328,0.875,False
2329,0.812,False
2335,0.750,False
2339,0.062,False
2340,0.875,False
2342,0.812,False
2344,0.688,False
2345,0.875,False
2347,0.750,False
2348,0.812,False
2349,0.875,False
2350,0.125,False
2352,0.875,False
2355,0.875,False
2361,0.812,False
2362,0.875,False
2365,0.875,False
2373,0.875,False
2374,0.875,False
2375,0.875,False
2386,0.875,False
2391,0.812,False
2393,0.812,False
2396,0.875,False
2398,0.812,False
2404,0.875,False
2409,0.875,False
2412,0.812,False
2414,0.812,False
2418,0.750,False
2421,0.812,False
2422,0.875,False
2425,0.812,False
2426,0.750,False
2428,0.875,False
2430,0.875,False
2437,0.875,False
2439,0.812,False
2443,0.812,False
2446,0.812,False
2450,0.875,False
2453,0.875,False
2460,0.688,False
2465,0.812,False
2468,0.875,False
2469,0.750,False
2472,0.875,False
2474,0.875,False
2476,0.812,False
2478,0.875,False
2481,0.875,False
2482,0.875,False
2487,0.875,False
2494,0.688,False
2499,0.875,False
2504,0.875,False
2506,0.562,False
2508,0.875,False
2509,0.750,False
2510,0.625,False
2513,0.750,False
2519,0.875,False
2521,0.625,False
2522,0.812,False
2523,0.875,False
2529,0.500,False
2535,0.875,False
2537,0.750,False
2540,0.812,False
2541,0.875,False
2544,0.875,False
2551,0.875,False
2554,0.875,False
2555,0.875,False
2560,0.125,False
2561,0.812,False
2565,0.000,False
2566,0.875,False
2573,0.875,False
2576,0.625,False
2579,0.875,False
2580,0.812,False
2584,0.875,False
2587,0.875,False
2588,0.625,False
2589,0.562,False
2590,0.812,False
2591,0.875,False
2594,0.875,False
2595,0.688,False
2597,0.750,False
2598,0.875,False
2599,0.875,False
2600,0.875,False
2602,0.875,False
2603,0.812,False
2605,0.875,False
2606,0.812,False
2607,0.875,False
2608,0.812,False
2612,0.875,False
2615,0.875,False
2616,0.750,False
2617,0.875,False
2618,0.875,False
2621,0.875,False
2626,0.875,False
2629,0.812,False
2633,0.875,False
2638,0.875,False
2641,0.875,False
2648,0.812,False
2656,0.688,False
2657,0.875,False
2658,0.875,False
2659,0.875,False
2661,0.875,False
2674,0.875,False
2678,0.875,False
2679,0.750,False
2682,0.875,False
2685,0.312,False
2686,0.875,False
2687,0.875,False
2689,0.875,False
2690,0.688,False
2691,0.875,False
2692,0.875,False
2693,0.875,False
2696,0.625,False
2700,0.438,False
2703,0.812,False
2705,0.875,False
2706,0.875,False
2707,0.688,False
2708,0.875,False
2710,0.688,False
2714,0.812,False
2715,0.875,False
2716,0.875,False
2723,0.812,False
2726,0.500,False
2731,0.875,False
2735,0.875,False
2742,0.812,False
2746,0.750,False
2750,0.875,False
2756,0.812,False
2758,0.812,False
2760,0.875,False
2770,0.875,False
2773,0.812,False
2774,0.812,False
2776,0.875,False
2780,0.812,False
2782,0.812,False
2783,0.812,False
2785,0.562,False
2790,0.875,False
2791,0.875,False
2795,0.875,False
2800,0.875,False
2802,0.750,False
2807,0.875,False
2814,0.875,False
2816,0.875,False
2817,0.875,False
2821,0.875,False
2824,0.750,False
2831,0.875,False
2834,0.875,False
2835,0.875,False
2837,0.500,False
2840,0.875,False
2841,0.875,False
2842,0.875,False
2846,0.625,False
2849,0.875,False
2856,0.750,False
2858,0.875,False
2861,0.625,False
2864,0.812,False
2869,0.875,False
2870,0.875,False
2873,0.875,False
2878,0.688,False
2879,0.875,False
2886,0.875,False
2887,0.875,False
2889,0.875,False
2891,0.812,False
2894,0.875,False
2896,0.250,False
2898,0.875,False
2906,0.875,False
2909,0.875,False
2913,0.875,False
2918,0.875,False
2919,0.125,False
2920,0.812,False
2922,0.750,False
2924,0.688,False
2925,0.875,False
2929,0.875,False
2931,0.750,False
2936,0.875,False
2939,0.875,False
2943,0.812,False
2946,0.812,False
2947,0.875,False
2952,0.875,False
2954,0.875,False
2957,0.500,False
2958,0.875,False
2964,0.750,False
2971,0.875,False
2978,0.750,False
2979,0.750,False
2980,0.875,False
2982,0.875,False
2987,0.875,False
2989,0.750,False
2992,0.875,False
2994,0.875,False
2997,0.875,False
3002,0.875,False
3003,0.750,False
3004,0.875,False
3005,0.812,False
3010,0.875,False
3011,0.812,False
3012,0.875,False
3013,0.875,False
3015,0.625,False
3017,0.875,False
3019,0.875,False
3020,0.875,False
3023,0.812,False
3033,0.875,False
3037,0.750,False
3038,0.875,False
3042,0.688,False
3044,0.875,False
3045,0.875,False
3048,0.688,False
3054,0.875,False
3055,0.875,False
3062,0.625,False
3067,0.875,False
3078,0.875,False
3079,0.875,False
3081,0.875,False
3083,0.625,False
3086,0.812,False
3088,0.688,False
3090,0.812,False
3094,0.875,False
3095,0.875,False
3098,0.875,False
3099,0.875,False
3102,0.875,False
3104,0.688,False
3105,0.812,False
3110,0.875,False
3114,0.812,False
3118,0.875,False
3128,0.688,False
3129,0.812,False
3132,0.875,False
3135,0.812,False
3138,0.750,False
3139,0.875,False
3140,0.875,False
3144,0.875,False
3149,0.875,False
3153,0.875,False
3159,0.875,False
3160,0.875,False
3161,0.750,False
3167,0.875,False
3168,0.750,False
3182,0.875,False
3184,0.812,False
3185,0.688,False
3191,0.688,False
3193,0.812,False
3194,0.875,False
3195,0.875,False
3196,0.688,False
3199,0.875,False
3212,0.812,False
3219,0.875,False
3220,0.875,False
3225,0.875,False
3228,0.500,False
3233,0.875,False
3236,0.875,False
3239,0.875,False
3243,0.625,False
3244,0.812,False
3251,0.875,False
3258,0.375,False
3260,0.875,False
3263,0.750,False
3265,0.875,False
3266,0.875,False
3268,0.750,False
3276,0.875,False
3281,0.875,False
3283,0.812,False
3289,0.875,False
3290,0.875,False
3291,0.812,False
3295,0.688,False
3299,0.812,False
3301,0.875,False
3304,0.812,False
3306,0.750,False
3314,0.000,False
3316,0.875,False
3318,0.875,False
3319,0.750,False
3322,0.562,False
3323,0.875,False
3324,0.750,False
3325,0.875,False
3331,0.875,False
3332,0.875,False
3336,0.875,False
3342,0.812,False
3344,0.875,False
3347,0.875,False
3348,0.875,False
3349,0.750,False
3352,0.812,False
3354,0.750,False
3355,0.688,False
3356,0.875,False
3361,0.875,False
3364,0.875,False
3365,0.812,False
3375,0.750,False
3376,0.875,False
3377,0.812,False
3378,0.812,False
3382,0.875,False
3386,0.750,False
3390,0.875,False
3391,0.875,False
3393,0.750,False
3395,0.875,False
3401,0.875,False
3404,0.812,False
3405,0.875,False
3407,0.875,False
3408,0.812,False
3413,0.875,False
3417,0.875,False
3421,0.750,False
3423,0.812,False
3427,0.875,False
3428,0.875,False
3431,0.750,False
3436,0.562,False
3437,0.812,False
3438,0.750,False
3442,0.875,False
3443,0.875,False
3446,0.875,False
3449,0.875,False
3451,0.812,False
3452,0.875,False
3455,0.875,False
3456,0.875,False
3458,0.875,False
3461,0.875,False
3464,0.625,False
3467,0.750,False
3468,0.812,False
3469,0.812,False
3477,0.438,False
3478,0.875,False
3479,0.750,False
3480,0.875,False
3482,0.750,False
3483,0.875,False
3486,0.875,False
3491,0.812,False
3496,0.875,False
3497,0.625,False
3498,0.875,False
3508,0.812,False
3510,0.875,False
3521,0.875,False
3525,0.875,False
3532,0.812,False
3534,0.688,False
3540,0.875,False
3541,0.812,False
3545,0.750,False
3547,0.812,False
3555,0.812,False
3557,0.875,False
3560,0.875,False
3566,0.875,False
3567,0.562,False
3570,0.688,False
3572,0.875,False
3575,0.875,False
3579,0.750,False
3582,0.875,False
3588,0.875,False
3591,0.812,False
3592,0.812,False
3594,0.875,False
3595,0.812,False
3596,0.875,False
3597,0.750,False
3601,0.875,False
3602,0.000,False
3604,0.812,False
3608,0.875,False
3611,0.875,False
3612,0.750,False
3614,0.812,False
3617,0.875,False
3627,0.875,False
3628,0.438,False
3636,0.875,False
3637,0.875,False
3638,0.812,False
3641,0.750,False
3647,0.875,False
3650,0.750,False
3652,0.875,False
3653,0.875,False
3656,0.812,False
3657,0.812,False
3659,0.812,False
3662,0.875,False
3663,0.812,False
3664,0.688,False
3666,0.875,False
3667,0.750,False
3668,0.875,False
3669,0.875,False
3677,0.875,False
3678,0.750,False
3681,0.812,False
3683,0.875,False
3684,0.000,False
3695,0.750,False
3698,0.875,False
3700,0.125,False
3705,0.750,False
3710,0.750,False
3713,0.812,False
3716,0.875,False
3721,0.875,False
3722,0.875,False
3724,0.688,False
3728,0.688,False
3731,0.875,False
3735,0.875,False
3739,0.812,False
3744,0.875,False
3746,0.688,False
3749,0.875,False
3753,0.875,False
3761,0.750,False
3784,0.812,False
3785,0.875,False
3786,0.812,False
3788,0.875,False
3789,0.875,False
3793,0.875,False
3798,0.875,False
3802,0.875,False
3803,0.875,False
3807,0.625,False
3809,0.875,False
3811,0.875,False
3812,0.875,False
3813,0.562,False
3818,0.875,False
3821,0.875,False
3824,0.875,False
3830,0.812,False
3831,0.688,False
3832,0.875,False
3845,0.875,False
3846,0.875,False
3847,0.875,False
3850,0.812,False
3851,0.750,False
3852,0.875,False
3855,0.812,False
3858,0.875,False
3859,0.875,False
3860,0.875,False
3863,0.812,False
3870,0.875,False
3873,0.875,False
3874,0.875,False
3876,0.875,False
3878,0.875,False
3882,0.875,False
3885,0.875,False
3892,0.875,False
3893,0.875,False
3901,0.812,False
3907,0.688,False
3909,0.875,False
3915,0.875,False
3917,0.875,False
3919,0.812,False
3925,0.875,False
3926,0.688,False
3928,0.875,False
3929,0.750,False
3932,0.812,False
3935,0.875,False
3936,0.875,False
3941,0.875,False
3943,0.875,False
3952,0.875,False
3955,0.188,False
3956,0.875,False
3958,0.875,False
3960,0.875,False
3965,0.875,False
3968,0.875,False
3975,0.750,False
3976,0.875,False
3980,0.812,False
3981,0.875,False
3984,0.750,False
3988,0.875,False
3989,0.812,False
3992,0.875,False
4000,0.812,False
4002,0.875,False
4008,0.875,False
4017,0.750,False
4018,0.875,False
4019,0.875,False
4021,0.750,False
4023,0.375,False
4025,0.875,False
4027,0.562,False
4028,0.875,False
4030,0.875,False
4031,0.812,False
4038,0.875,False
4043,0.875,False
4049,0.875,False
4053,0.875,False
4057,0.438,False
4060,0.812,False
4063,0.875,False
4064,0.812,False
4065,0.812,False
4070,0.812,False
4072,0.875,False
4073,0.875,False
4075,0.188,False
4077,0.875,False
4078,0.812,False
4081,0.750,False
4083,0.812,False
4084,0.875,False
4086,0.250,False
4094,0.812,False
4097,0.875,False
4099,0.625,False
4102,0.750,False
4104,0.875,False
4110,0.875,False
4113,0.812,False
4114,0.875,False
4118,0.812,False
4119,0.625,False
4120,0.875,False
4121,0.750,False
4125,0.875,False
4126,0.875,False
4129,0.875,False
4131,0.875,False
4132,0.750,False
4133,0.750,False
4141,0.750,False
4147,0.875,False
4149,0.875,False
4150,0.875,False
4151,0.875,False
4153,0.875,False
4158,0.875,False
4159,0.812,False
4166,0.875,False
4172,0.875,False
4179,0.750,False
4182,0.875,False
4184,0.875,False
4185,0.875,False
4186,0.875,False
4188,0.875,False
4194,0.875,False
4195,0.875,False
4196,0.875,False
4200,0.812,False
4204,0.625,False
4205,0.875,False
4206,0.875,False
4210,0.625,False
4213,0.875,False
4215,0.688,False
4217,0.875,False
4223,0.875,False
4225,0.125,False
4228,0.875,False
4232,0.750,False
4233,0.625,False
4234,0.875,False
4235,0.750,False
4236,0.875,False
4237,0.875,False
4238,0.750,False
4242,0.875,False
4244,0.875,False
4248,0.750,False
4249,0.875,False
4251,0.688,False
4252,0.812,False
4255,0.812,False
4257,0.750,False
4262,0.875,False
4267,0.875,False
4270,0.812,False
4273,0.688,False
4276,0.875,False
4289,0.875,False
4290,0.875,False
4295,0.875,False
4299,0.812,False
4304,0.000,False
4305,0.875,False
4307,0.875,False
4308,0.812,False
4309,0.875,False
4315,0.875,False
4318,0.875,False
4319,0.000,False
4323,0.812,False
4324,0.812,False
4326,0.875,False
4329,0.812,False
4333,0.875,False
4334,0.750,False
4336,0.875,False
4342,0.875,False
4344,0.562,False
4345,0.875,False
4347,0.875,False
4352,0.875,False
4353,0.875,False
4354,0.875,False
4357,0.875,False
4359,0.875,False
4361,0.875,False
4362,0.875,False
4364,0.812,False
4366,0.875,False
4368,0.812,False
4369,0.750,False
4379,0.875,False
4381,0.875,False
4386,0.875,False
4393,0.875,False
4397,0.875,False
4400,0.750,False
4401,0.750,False
4403,0.750,False
4404,0.688,False
4405,0.875,False
4406,0.875,False
4407,0.750,False
4409,0.875,False
4412,0.750,False
4415,0.875,False
4416,0.812,False
4418,0.750,False
4420,0.875,False
4426,0.875,False
4428,0.750,False
4429,0.875,False
4430,0.188,False
4434,0.875,False
4439,0.875,False
4440,0.875,False
4442,0.875,False
4445,0.875,False
4447,0.875,False
4448,0.875,False
4451,0.875,False
4455,0.750,False
4457,0.875,False
4459,0.750,False
4460,0.812,False
4462,0.875,False
4464,0.875,False
4467,0.875,False
4468,0.750,False
4476,0.875,False
4479,0.875,False
4485,0.750,False
4487,0.812,False
4489,0.750,False
4493,0.875,False
4495,0.750,False
4497,0.750,False
4500,0.875,False
4504,0.875,False
4505,0.750,False
4507,0.875,False
4508,0.875,False
4509,0.750,False
4510,0.875,False
4513,0.875,False
4514,0.875,False
4518,0.750,False
4519,0.875,False
4524,0.625,False
4526,0.812,False
4527,0.812,False
4529,0.875,False
4532,0.875,False
4536,0.875,False
4540,0.750,False
4541,0.750,False
4542,0.875,False
4548,0.812,False
4552,0.812,False
4553,0.875,False
4556,0.750,False
4558,0.812,False
4567,0.750,False
4569,0.875,False
4573,0.812,False
4576,0.875,False
4577,0.812,False
4580,0.812,False
4581,0.875,False
4584,0.875,False
4587,0.875,False
4588,0.875,False
4593,0.875,False
4606,0.750,False
4608,0.688,False
4610,0.875,False
4612,0.875,False
4613,0.688,False
4615,0.688,False
4616,0.625,False
4617,0.750,False
4618,0.375,False
4621,0.875,False
4630,0.875,False
4632,0.875,False
4634,0.750,False
4636,0.875,False
4638,0.625,False
4639,0.875,False
4643,0.875,False
4652,0.812,False
4653,0.875,False
4654,0.812,False
4658,0.875,False
4659,0.812,False
4664,0.750,False
4665,0.875,False
4666,0.812,False
4671,0.875,False
4675,0.812,False
4678,0.875,False
4680,0.812,False
4687,0.875,False
4693,0.812,False
4700,0.875,False
4702,0.875,False
4705,0.875,False
4707,0.875,False
4708,0.875,False
4711,0.750,False
4713,0.875,False
4716,0.875,False
4718,0.688,False
4720,0.812,False
4721,0.688,False
4729,0.750,False
4737,0.125,False
4739,0.875,False
4743,0.875,False
4748,0.688,False
4752,0.750,False
4756,0.000,False
4757,0.875,False
4761,0.875,False
4763,0.688,False
4764,0.875,False
4769,0.875,False
4771,0.812,False
4775,0.875,False
4776,0.875,False
4777,0.812,False
4779,0.875,False
4783,0.750,False
4784,0.750,False
4788,0.875,False
4789,0.875,False
4790,0.312,False
4798,0.812,False
4799,0.812,False
4801,0.750,False
4803,0.812,False
4808,0.875,False
4812,0.875,False
4814,0.875,False
4815,0.875,False
4817,0.875,False
4818,0.875,False
4820,0.625,False
4822,0.875,False
4828,0.562,False
4833,0.875,False
4834,0.812,False
4838,0.875,False
4839,0.875,False
4842,0.875,False
4843,0.875,False
4844,0.812,False
4854,0.688,False
4856,0.875,False
4859,0.625,False
4862,0.875,False
4866,0.875,False
4867,0.750,False
4869,0.875,False
4870,0.688,False
4871,0.688,False
4873,0.812,False
4874,0.812,False
4877,0.750,False
4887,0.812,False
4890,0.812,False
4892,0.875,False
4895,0.875,False
4899,0.875,False
4901,0.688,False
4910,0.875,False
4913,0.875,False
4914,0.875,False
4915,0.875,False
4916,0.875,False
4918,0.875,False
4920,0.812,False
4923,0.875,False
4927,0.875,False
4932,0.875,False
4933,0.812,False
4934,0.875,False
4937,0.875,False
4938,0.875,False
4941,0.812,False
4942,0.875,False
4943,0.875,False
4946,0.875,False
4950,0.875,False
4951,0.688,False
4954,0.812,False
4958,0.875,False
4964,0.812,False
4969,0.875,False
4975,0.812,False
4976,0.875,False
4980,0.812,False
4988,0.750,False
4989,0.875,False
4992,0.875,False
4995,0.875,False
4997,0.875,False
4998,0.875,False
5003,0.812,False
5006,0.688,False
5007,0.875,False
5009,0.875,False
5010,0.875,False
5012,0.812,False
5021,0.812,False
5023,0.875,False
5024,0.750,False
5025,0.875,False
5027,0.688,False
5030,0.625,False
5031,0.875,False
5034,0.875,False
5039,0.312,False
5041,0.812,False
5045,0.875,False
5046,0.500,False
5048,0.875,False
5051,0.875,False
5052,0.688,False
5053,0.812,False
5055,0.875,False
5057,0.812,False
5062,0.875,False
5064,0.875,False
5065,0.875,False
5075,0.812,False
5076,0.750,False
5080,0.688,False
5082,0.750,False
5085,0.812,False
5091,0.875,False
5093,0.812,False
5094,0.812,False
5097,0.750,False
5099,0.875,False
5100,0.375,False
5103,0.875,False
5105,0.812,False
5106,0.812,False
5112,0.875,False
5113,0.875,False
5119,0.875,False
5120,0.875,False
5127,0.875,False
5128,0.750,False
5129,0.438,False
5136,0.875,False
5140,0.875,False
5141,0.812,False
5145,0.875,False
5147,0.875,False
5151,0.875,False
5160,0.875,False
5164,0.875,False
5165,0.875,False
5169,0.875,False
5171,0.875,False
5176,0.875,False
5178,0.812,False
5179,0.875,False
5180,0.500,False
5182,0.875,False
5188,0.688,False
5191,0.875,False
5192,0.875,False
5194,0.875,False
5195,0.875,False
5196,0.875,False
5198,0.812,False
5203,0.750,False
5204,0.750,False
5205,0.875,False
5206,0.875,False
5207,0.750,False
5211,0.875,False
5212,0.812,False
5216,0.875,False
5219,0.688,False
5225,0.812,False
5228,0.875,False
5233,0.688,False
5235,0.812,False
5237,0.750,False
5240,0.812,False
5241,0.875,False
5242,0.875,False
5243,0.875,False
5244,0.750,False
5246,0.750,False
5251,0.625,False
5252,0.875,False
5253,0.875,False
5262,0.812,False
5264,0.875,False
5268,0.875,False
5270,0.875,False
5272,0.875,False
5274,0.750,False
5275,0.812,False
5285,0.875,False
5289,0.688,False
5296,0.875,False
5297,0.688,False
5299,0.875,False
5303,0.875,False
5305,0.625,False
5306,0.875,False
5307,0.875,False
5310,0.688,False
5312,0.812,False
5313,0.812,False
5314,0.750,False
5315,0.750,False
5317,0.875,False
5321,0.750,False
5323,0.750,False
5328,0.875,False
5330,0.875,False
5331,0.625,False
5333,0.875,False
5337,0.875,False
5339,0.812,False
5340,0.875,False
5342,0.812,False
5344,0.875,False
5346,0.688,False
5347,0.875,False
5353,0.875,False
5354,0.812,False
5356,0.875,False
5358,0.875,False
5360,0.875,False
5364,0.875,False
5365,0.875,False
5366,0.875,False
5367,0.875,False
5368,0.750,False
5369,0.875,False
5370,0.812,False
5375,0.812,False
5376,0.875,False
5377,0.812,False
5381,0.875,False
5388,0.625,False
5389,0.875,False
5391,0.812,False
5397,0.875,False
5403,0.875,False
5404,0.812,False
5406,0.312,False
5407,0.875,False
5409,0.875,False
5410,0.062,False
5411,0.750,False
5413,0.875,False
5416,0.750,False
5418,0.875,False
5422,0.875,False
5423,0.812,False
5429,0.875,False
5430,0.812,False
5437,0.875,False
5438,0.625,False
5440,0.562,False
5443,0.875,False
5446,0.875,False
5450,0.875,False
5451,0.875,False
5456,0.875,False
5457,0.750,False
5459,0.562,False
5466,0.875,False
5467,0.875,False
5469,0.875,False
5470,0.875,False
5471,0.875,False
5472,0.875,False
5476,0.750,False
5478,0.875,False
5482,0.875,False
5486,0.812,False
5489,0.875,False
5492,0.875,False
5493,0.750,False
5494,0.688,False
5496,0.750,False
5500,0.875,False
5501,0.875,False
5512,0.875,False
5517,0.875,False
5519,0.750,False
5521,0.812,False
5522,0.688,False
5524,0.875,False
5526,0.875,False
5530,0.875,False
5537,0.812,False
5538,0.438,False
5539,0.875,False
5541,0.875,False
5542,0.812,False
5543,0.875,False
5546,0.812,False
5554,0.875,False
5555,0.875,False
5556,0.875,False
5562,0.812,False
5565,0.812,False
5567,0.875,False
5570,0.875,False
5571,0.750,False
5574,0.875,False
5577,0.812,False
5580,0.625,False
5583,0.750,False
5585,0.875,False
5588,0.875,False
5591,0.875,False
5599,0.875,False
5600,0.875,False
5608,0.875,False
5609,0.812,False
5612,0.875,False
5613,0.875,False
5614,0.562,False
5616,0.875,False
5618,0.812,False
5620,0.875,False
5621,0.688,False
5629,0.812,False
5630,0.750,False
5632,0.875,False
5636,0.875,False
5640,0.750,False
5646,0.812,False
5647,0.750,False
5651,0.875,False
5653,0.875,False
5654,0.750,False
5658,0.875,False
5661,0.875,False
5664,0.688,False
5668,0.625,False
5670,0.812,False
5671,0.875,False
5673,0.875,False
5676,0.875,False
5680,0.812,False
5681,0.875,False
5684,0.875,False
5686,0.562,False
5690,0.875,False
5691,0.875,False
5692,0.812,False
5695,0.875,False
5697,0.750,False
5704,0.875,False
5708,0.875,False
5713,0.875,False
5720,0.875,False
5721,0.875,False
5729,0.812,False
5732,0.875,False
5733,0.875,False
5736,0.812,False
5741,0.812,False
5743,0.625,False
5754,0.875,False
5756,0.812,False
5757,0.875,False
5760,0.812,False
5762,0.562,False
5764,0.812,False
5769,0.812,False
5770,0.875,False
5771,0.875,False
5776,0.812,False
5777,0.750,False
5781,0.875,False
5787,0.875,False
5792,0.688,False
5795,0.812,False
5796,0.812,False
5799,0.875,False
5800,0.875,False
5801,0.875,False
5802,0.750,False
5804,0.000,False
5805,0.875,False
5808,0.875,False
5811,0.750,False
5816,0.875,False
5823,0.812,False
5830,0.875,False
5831,0.750,False
5834,0.875,False
5835,0.812,False
5838,0.875,False
5843,0.875,False
5847,0.750,False
5848,0.812,False
5850,0.688,False
5851,0.000,False
5860,0.875,False
5861,0.875,False
5866,0.875,False
5867,0.562,False
5873,0.875,False
5883,0.875,False
5886,0.875,False
5887,0.875,False
5897,0.875,False
5906,0.875,False
5909,0.812,False
5934,0.688,False
5945,0.875,False
5953,0.875,False
5955,0.875,False
5958,0.500,False
5959,0.750,False
5960,0.875,False
5963,0.875,False
5969,0.875,False
5973,0.875,False
5974,0.625,False
5977,0.875,False
5981,0.000,False
5983,0.875,False
5984,0.812,False
0,0.875,False
6,0.875,False
8,0.875,False
16,0.875,False
23,0.875,False
25,0.875,False
28,0.875,False
30,0.875,False
32,0.875,False
34,0.812,False
36,0.875,False
37,0.812,False
39,0.812,False
42,0.625,False
50,0.875,False
52,0.688,False
61,0.875,False
63,0.875,False
65,0.750,False
68,0.750,False
70,0.750,False
71,0.875,False
72,0.812,False
75,0.812,False
76,0.812,False
78,0.875,False
80,0.812,False
82,0.812,False
83,0.812,False
86,0.875,False
101,0.812,False
103,0.750,False
104,0.875,False
105,0.875,False
108,0.875,False
115,0.750,False
117,0.750,False
120,0.875,False
122,0.875,False
125,0.875,False
126,0.875,False
127,0.875,False
128,0.875,False
129,0.875,False
133,0.875,False
142,0.750,False
144,0.812,False
158,0.875,False
159,0.875,False
163,0.875,False
164,0.875,False
171,0.750,False
178,0.875,False
181,0.875,False
185,0.750,False
190,0.875,False
192,0.812,False
193,0.875,False
195,0.812,False
196,0.875,False
197,0.875,False
198,0.812,False
201,0.875,False
203,0.812,False
207,0.812,False
209,0.875,False
212,0.875,False
213,0.875,False
214,0.812,False
215,0.875,False
216,0.875,False
